========================================================================
  DATASET: RANDOM (n=10,000)
  Size (n): 10,000
  Configuration: RANDOM (n=10,000)
========================================================================

--- STATISTICS ---
  Minimum value :            0
  Maximum value :        9,999
  k=1   (min)   :            0   (position 1)
  k=n/2 (median):        4,999   (position 5,000)
  k=n   (max)   :        9,999   (position 10,000)

--- PREVIEW (first 20 elements as they appear in the array) ---
    2,600    9,684    9,062    7,122    4,944    7,472    8,995      249    3,811    1,094    8,636    7,091      134    8,042    1,419    3,325    1,465    2,310    5,113    4,913

--- FULL ARRAY ---
       2,600       9,684       9,062       7,122       4,944       7,472       8,995         249       3,811       1,094
       8,636       7,091         134       8,042       1,419       3,325       1,465       2,310       5,113       4,913
       7,617         600       8,011       2,400         493       5,309       9,380       7,522       7,498       4,940
       2,700       5,490       8,978       1,818       4,702       5,804       3,182       3,813       1,520       6,051
       4,052       1,165       4,952       4,522       4,736       7,626       7,583       1,489       1,580       8,356
       5,606       1,320       7,925       3,760       9,555       4,792       4,747       5,856       8,934       8,599
       2,618       1,977       1,545       1,341       2,740       1,348       4,288       7,398       4,006       1,628
       6,481       5,575       6,223       5,572       6,542       2,118         102       8,484       7,153       7,092
       9,096       5,193       6,913       9,394       1,487       1,742       2,676       8,189       2,391       2,712
       7,455       2,907         960       6,025         659       7,969       7,445       3,826       6,893       5,593
       6,814       9,005         562       3,252          29       8,614       2,030       2,515       5,159       5,440
         639       3,303       2,605       9,617       6,552       2,401         694       2,335       1,705       8,193
       6,737       6,323       3,448         174       8,232       4,326       1,123       9,174         462       4,595
       4,061       3,042       4,769       6,465       7,901       9,222       7,071       9,134       8,761       6,816
       4,473       2,384       3,627       5,749       3,752         858       5,447       6,562       1,151       6,411
       8,936       9,273       2,306       5,864         937       4,602       4,608       6,019       4,216       7,580
       1,946       4,560       9,963       1,650       1,418       5,242       2,466       6,593       6,029       4,826
       7,676         171       3,664       2,285       7,268         349          11       2,973       1,467       6,202
       4,459         116         183       6,684       9,350       9,253       6,257       6,850         179       5,427
         409       9,396       1,200       7,790       4,433       1,714       8,020       9,233       6,669       1,563
       1,626       2,747       9,656       1,954       7,142       3,967       4,799       6,349       7,902       8,208
         316       5,345       6,005       6,896       9,584       9,041       8,765       1,796       3,026       4,387
       7,976       8,478       9,068       4,539       6,199       5,800         619       5,324       5,249         822
       2,791         459       1,602       4,019       3,781       7,389       3,900       9,783       7,105       3,794
       3,625       3,730       6,300       3,113       2,364       1,749       6,543       5,090       6,602       7,802
       1,975       4,488         237       3,024         295       7,234       9,437       8,693       8,968         876
       7,562       3,779       6,588         674       1,005       7,030       8,887       9,401       5,568       9,705
       9,172       7,186       7,422       7,147       3,844       6,787       3,027       4,279       9,809       9,244
       6,143       5,630          49       8,794       1,004       5,916       7,097       7,043       4,924       5,406
       2,242       6,888       1,173       2,798       3,783       3,008       2,495       2,371       2,795       7,675
       5,044       9,110       8,242       1,572       1,791       2,008       5,224       3,495         684       5,034
       6,446       9,480       8,080       3,683          83       6,271       8,314       9,891       5,538       2,944
       2,472       5,656       3,227       3,970         251       3,245       4,967       5,638       8,277       1,251
       2,839       6,200       1,664       2,632       2,138       9,877       3,751       2,540       1,499         589
       7,232       5,632       2,163       4,583       5,206       5,000         421       4,898       9,813       5,401
       1,455       9,900       8,883       3,132       8,888       7,379       3,841       1,267       5,649       2,158
       1,381       3,079       1,277         610       3,298       8,230       7,711         142       4,770       1,755
       4,525       6,628       3,469       7,248       9,622       6,111       9,728       2,439       4,091       6,866
       9,737         815       9,939       9,520       1,929       9,522         917         491       9,320       3,361
       4,293       5,535       2,507       3,025       8,797       2,370         144       4,272       3,657       1,495
       8,456       4,885       3,078       7,937       6,203       8,188       2,440         512         207         415
       7,509       7,141         963       6,835       8,047       7,481       4,412       7,462       1,689       6,472
       9,030       3,769       8,670       7,608       9,882       4,172         644       3,526       6,923       1,996
         661       7,816       9,203         408       7,611       9,378       4,195       2,330       5,027       6,265
         469       6,177       3,671       1,942       4,917       4,388       9,988       1,736       1,389       4,102
         907       5,796       5,169       3,203       4,732       5,477       9,235       8,445          25       1,323
       7,794       8,512       9,319       2,621       5,812       2,374       4,980       2,641       5,391       6,503
       3,894       6,290       2,890       8,267       7,335       1,106         548       9,495       8,488       7,692
       1,292       7,661       3,178       2,278       8,334       6,581       7,338       8,770       1,134       1,560
       4,266         633       9,424       3,943       4,124         534       1,836       2,995         296       7,777
       4,430          53       4,320       1,138         513       5,271       8,631       1,057       3,719       1,730
       8,946       5,161       9,929       2,243       1,955       5,441       1,747       5,905       1,892       7,150
       9,467       9,372       7,072       9,143       4,468       2,760       1,895       6,158       6,084       5,694
         864       1,182       7,968       1,938       8,906       9,261       9,271       6,282       5,610       6,945
         360       8,404       1,089         458       4,049         240       3,708       8,147       8,309       3,450
       3,330       8,764       9,854       3,915       5,521          62       5,213       4,811       5,613       6,433
       6,652       9,213       6,657       9,542         980         389       2,931       9,494       2,355       7,559
       7,227       2,522       8,673         695         996       9,260       4,403       4,309       8,353       1,706
       7,529       8,793       2,831       5,934       6,606       7,368       2,071       2,896       4,146       7,993
       9,605       5,265       3,367       6,053       9,654       3,486       7,427       5,616       5,773       6,789
       3,295       4,479       5,414       2,588       9,479       3,705       3,251       1,331       2,275         889
       1,473       9,383       5,120       6,059       5,144       3,670       5,268       7,953       4,428       2,529
       4,023       4,751       6,099         495       6,710       1,693         193       3,787       7,143       7,861
       2,224       3,144       7,535       7,039         178       2,627         693       4,825       7,161       5,793
       2,422         820       4,997       7,456       7,114       8,910       9,516       3,593       7,533       5,851
       1,575         350       1,557          87       2,947       8,508         618       8,902       1,081       8,283
         294       8,109       9,497       3,090       2,628       4,600       2,324       4,957       3,194       8,349
       7,322       2,086       4,053         232       1,919       8,085       6,847       2,164       3,281       4,375
       3,177       9,168       1,943       1,365       7,405       1,330       3,409       2,885       4,593       4,011
       8,577       8,917       1,316       9,445       3,193       2,388       2,670       8,725       5,813       6,722
         897       1,907         417       7,724       1,939       6,805       9,702       7,080          66       8,419
       9,972         297       6,442       4,305       2,048       2,912       4,624       2,066       1,400       8,187
       7,120       4,238       6,522       2,983       9,938       5,233       2,759       4,822         796       1,003
       4,164       7,975       8,142       8,586       1,490       9,530       2,969       8,501         196       9,619
       6,319       9,313         727       9,028       3,766         435       2,679       3,332         793       9,009
       4,892       6,675       6,273       5,430       1,480       7,913       4,231       1,113       7,243       5,317
         714       3,238       9,758         934       1,599       3,373         603       9,643       3,053       4,941
       3,097         118       4,622       5,561       1,569       7,499       5,500       4,699       7,056       5,412
       8,738          55       1,686         768       3,956       1,998       6,664         875       2,221       4,508
       6,877       1,790       6,186       4,373       7,415       6,958       6,125       9,603       2,147       5,595
       7,426       5,231       8,825       2,478       9,117         209       4,686       9,256       2,498       5,407
       6,547       4,910       5,095       4,871       3,312       5,425       5,487       1,197         213       6,609
       2,367       8,440       6,431       5,220       7,324       3,130       7,133       4,078       3,308       4,140
       2,547       1,651       4,708       2,264       3,773       8,715       1,352       4,338       4,469       5,925
       1,615       1,914       7,468       6,537       3,559         886       7,853       1,206       2,467       4,647
       5,308       6,525       6,751         924       2,469       5,639       1,539       8,119       3,421       7,047
       7,393       1,109       4,707       1,994         730       7,501       3,019       4,801       8,437       9,657
       9,914       4,837       7,781       6,733       1,512       5,885       2,906       1,813       1,549       6,801
       9,690       8,716       5,762       4,973       6,327       9,722         286       4,270       6,376       2,040
       9,296       5,083       5,457       9,670       4,993       8,939       1,068       2,981         161       1,963
       2,361         902       3,866       9,039       4,343       9,910       8,834       6,126       3,723       4,298
       4,939       3,156       2,383          82       8,344       6,228       1,034       6,834         487       3,324
       4,224       7,506       9,770       4,176       4,856       4,506         488       2,218       9,845       2,152
       6,375       3,633       1,440       8,435         125         199       5,112       5,590       4,458       9,412
       1,059       1,980       9,318       1,098       5,977         344       1,696       3,431       3,011         914
         246       1,427       4,554       7,869       8,856         441       3,536       9,280       7,357       2,701
       1,205       7,569       1,247       2,382       9,388          73       2,458         380       7,369       9,258
       6,612         284       5,385       8,276       4,833       4,828       5,236       9,894       5,025       6,575
       1,271       6,928       4,943       1,793       9,278       3,154       8,605       8,024       7,361       3,801
       9,055       8,017       4,080       3,707       5,269       6,939       8,584       9,122       4,920       1,278
       1,767       7,367       4,447       5,591       4,436       1,223       3,992       8,175       9,677       5,115
       4,004         646       7,293       9,751       9,746       6,141       7,798       2,584       4,937       2,426
       4,805         301       7,609       5,887       4,625       9,536       8,861       5,198       3,437       5,734
       4,860       9,470       7,064       8,755       8,666       8,657       6,989       7,458       9,047       7,316
       4,242       9,742       9,135       5,862       7,686       7,653       6,712       3,369       8,351       7,158
       5,776       7,534       7,178       4,582       5,277       9,462       2,105       1,286       6,098       5,358
       6,844       7,197       9,540       5,741       4,903       5,565       6,741       5,559       2,239       3,366
       7,951       4,014         377       8,122       8,979         173       8,292       7,681       4,374       6,589
       3,864       5,393       6,418       6,921       3,244       1,562       2,000       3,107       6,910       4,510
       2,372       8,431       7,314       4,483       4,035       4,990       3,601       4,241       3,964       9,325
       7,637       1,630       9,307       2,007       8,650       3,583       6,748       5,504       3,698       7,134
       9,324       3,222       7,988       7,511       6,651       8,966       1,504       6,499       5,514       5,718
       6,154       5,922       3,712       2,992       8,464       9,038       6,010       3,681       2,610       4,832
       6,178         306       1,326       7,191       3,277         927       7,156       5,043       6,017       4,579
       5,948       9,732         742       2,753       9,010       5,355       7,353       9,083       3,073       5,617
       8,951       2,576         252       4,575       3,029       9,716       5,124         788       6,133       9,349
       6,037       2,744       5,368       9,061       5,873       4,157       5,264       6,127         484       8,422
       6,026       5,033       7,652       3,514       9,524         602       2,526       7,162       6,531       4,824
       1,163       9,652       2,803       2,730       5,030       6,873         870       2,649       3,004         152
         530       8,703       7,246       7,218       9,730       9,659       9,162       6,067       8,937       8,772
       6,780       5,634       3,221       8,014       7,896       7,702       7,600       9,620       6,436       3,483
       2,348       4,445         405       4,632       9,308       6,682       4,455       2,929       3,859       2,424
       6,077       2,144       3,143       8,004       3,007       8,012       8,377       7,581       3,797       4,744
       6,670       4,186       2,848       2,200       8,251       3,382       6,968       1,795       2,126         188
       7,250       4,088       3,360       8,663       2,302       7,924       8,048       8,771       4,550       8,574
       1,040       9,935       5,226       1,355       9,369       4,557       8,002       6,161       1,785       1,720
       2,497       7,106       5,331       5,835       2,793       3,210       6,744       8,564       7,744          14
       5,986       8,598       2,106       9,614       1,444       6,471       8,639       1,046       1,356       6,577
          38       6,990       3,925       2,871       4,404       6,726       4,207       6,743       4,414       4,275
       3,220       6,463       2,328       3,548         211       9,803       4,722       7,655         916       1,723
       3,610       5,966         395       3,888       7,812       8,818       5,724       1,116         387         575
       8,100       8,980       1,301       6,678       3,891       6,081       4,791       5,263       7,906       5,437
       7,872         172       2,678       1,174       1,992       4,965       4,681         433       6,227         702
       3,822       3,169       7,989       5,219       4,211       6,362       5,186       1,054       9,763       5,278
       9,276       9,581       4,354       3,310       2,215         999       3,592       9,104         427       2,953
       4,399       7,029         578       8,933       6,000       5,967         438       6,776         560       9,440
       3,899         990       6,235       7,063       9,846       1,624       6,332       8,385       2,908       4,986
       1,617       3,734         410       6,861       6,272       5,654       3,364       7,117       2,855       4,830
       9,626         524       3,258       3,720       6,484       9,609       6,900       7,026       6,423       5,578
       3,924       5,592       9,289       8,288       4,882       6,304       4,069       8,524       7,079       9,481
         473       6,344       5,526       3,919       3,902       3,267       9,547       4,063       3,690       7,991
       5,464       9,274       3,853       3,802       4,592       8,207       1,447       2,755       3,266       6,655
       9,105       1,912       5,552       9,436       6,055       2,184       2,559       2,850       4,209       8,362
       6,021       4,628       6,212       1,417       2,571       6,246       1,510       6,883       9,637       3,176
       9,931         671       2,832         402       4,854       4,407       6,732       2,828       8,451         720
       3,538       1,734       4,804       7,900       7,013       2,340       2,853       9,885           2       8,515
       1,934       2,970       2,704       4,569       6,119       4,188         412       6,535         782       5,696
       9,498       2,014       2,939       3,017       9,557       2,682       5,470         121         722       2,325
       1,053       5,172       7,330       2,849       7,918       5,283       8,413       4,505       2,045       3,339
         348       7,696       4,245       6,168       8,261       4,269       3,920       8,439       5,698       6,197
       3,828       5,445       5,895       3,404       9,292       5,865       1,573         747       6,116       8,814
       6,755       4,932       8,959       9,334       2,651       7,069       7,710       9,114       7,859       2,860
       4,463       2,968       5,273       1,443       8,660       1,759       8,879       7,538       2,444       6,823
       7,217       7,098       9,453       6,882       4,057       7,791         317       3,424       6,012         801
       3,937       7,299       8,743       5,059       3,314       3,102       6,444         271       7,479       4,045
         800         272       6,082       2,784       6,112       5,560         341       4,540       5,339       6,243
         757       5,786         229       1,024       7,855       8,384       2,851       6,129       4,128       5,805
       1,582         442       1,668         519       9,227       4,160       8,471       6,506       1,337         772
       2,326       1,891         527       1,788          12         838       7,194       3,447       7,852       4,248
       8,009         837       7,793       3,285         529       6,251       7,813         156         189       5,180
       6,569       3,849       2,833       1,960       3,635       4,317       8,128       7,356       3,153       4,165
       4,665       8,601       5,052       7,276       6,165       3,492       2,057       1,527       4,325       7,435
       1,188       5,712       1,031       4,731       5,586       9,713       5,171       3,088         429         359
       2,938       6,095       8,958       2,572       5,459       7,726       8,931       3,190       2,130       2,509
       3,754       4,783       7,224       9,351       6,766       1,287         145       2,252       9,182       6,935
       8,606       6,530       2,480       8,273       4,577       4,416         763       8,486       4,547       6,496
       9,727       3,155         464       5,726       7,715       1,982       2,358       4,635         823         780
       1,072       8,659       8,099       8,729       3,405       6,097       8,254       1,700       3,233       8,662
       7,370       9,849         824       8,728       6,211       5,576       5,119       8,579       5,463       6,063
       9,994       9,827       9,496       8,914       4,020         514       4,891       6,236       7,955       6,956
       5,073       6,717       9,347       3,572       6,571       2,911       6,561       5,834       4,215          96
       5,992       9,616       2,425       9,981       8,881       4,152       2,182       6,511       8,701       4,127
       1,806       5,203       8,975       7,665       4,610       4,880       8,320       4,046       9,831       5,037
       5,007       8,551       8,141       1,526       9,641       5,676          79       2,668       2,900         371
       6,860       1,220       6,277         223       4,031       1,546       1,354       3,931       2,454       9,459
       1,156         139       9,382       9,511       6,096       5,893       8,055       2,187       8,396       6,702
       5,531       4,295       3,127       7,674       8,420       3,678       1,911       5,079       4,114       9,545
       1,229       4,847       6,149       4,643       8,742       9,973       7,327       4,999       1,460         740
       7,776       8,677       4,385       2,139       2,593       5,164       1,717       8,182       7,749         477
       6,752       8,732       5,023       6,604       2,233       1,841       6,982       7,100       8,853       9,457
       9,726         615       6,536       5,853          41       9,880       8,918       5,965       2,168       3,793
       5,429       1,357       6,802       6,159       4,357       8,805       5,570       5,453       7,889       8,083
       6,706       5,019       6,763       2,672       4,268       2,065       6,093       7,950       7,493       9,822
       7,997       7,244       4,584       6,502       5,746         848       3,865       1,128       3,996       2,389
       7,546       4,714       8,388       4,956       9,533       7,421       5,528       6,105       9,317       4,313
       7,539       6,637       9,899       1,588       7,738       2,016       3,148       3,468       8,870       2,360
       1,743       6,184       6,316         132       5,557       4,553       2,338       1,186       4,137         879
       4,372       4,353         885       3,757          44       9,375       3,217       3,870       9,947       5,962
       8,736       1,662       5,122       7,557       4,228       3,782       8,239       5,614       4,604       2,616
       6,567       2,116       7,805       9,816       3,805         950       4,064       4,934       8,026       1,474
       7,934       5,266       8,459       1,345       3,263       4,954       6,640       6,806       7,827       1,370
       4,821       2,905       3,587       3,614       8,462       5,498       9,432       1,819       9,896       7,704
       7,176       4,347       9,224       5,280       3,522       1,000       8,756       8,074          40       9,272
       1,585         921       6,432       4,021       2,797       8,408       8,091       6,718       4,330       5,807
       1,927       2,170       4,872       7,904       5,398       8,279       8,530       3,672       5,828       4,998
       9,288       2,718       2,442       6,231       9,834       1,392       7,860       8,322         728       3,515
       9,959       2,764         254       2,056       6,391       4,395       5,869         100       3,848       6,983
       8,511       5,200       3,985       4,264       4,827          42       6,505       7,278       6,963       3,100
       8,192       9,414       3,269       4,125       4,685         111       8,832       5,707         882       3,533
       3,349       4,573       7,730       7,495       8,898       9,353       4,887       7,016       9,078       1,666
       3,331       8,058       4,537       1,709       9,411       1,083       5,780       1,028       9,466       8,319
       4,790       8,057       5,633       9,399       5,248       6,902       3,889       2,064       7,914       7,540
       9,016       4,507       2,705       2,544       8,828       3,963       4,706       3,195       4,247       9,745
       5,150       4,243       3,984       9,266       1,293       8,195       5,015       7,055       3,566       5,370
       8,051       4,166       4,351         761       2,471       5,621       8,452       6,363       9,936       2,517
       3,618       8,507       8,272       6,679       6,688       5,311       2,157       7,090       1,035       4,193
       7,584       4,971       3,715       1,838       4,121         831       5,479       7,641       1,051       8,321
         265       9,571       8,587       3,790       5,089       9,651       8,482         711       5,377       3,706
       8,162       3,815       5,849       3,777       7,638       7,274       6,822       4,380       3,472       6,151
       8,350       9,232         826       1,893       8,945       6,605       2,006       6,533       1,587       3,934
       6,557       5,937       1,265         282       8,682         832       8,013       7,341       3,350       3,656
       3,106       7,911       3,648       5,458         340       7,467       8,811       9,425       3,383       1,556
         160       2,199         913       7,434       5,802       1,232       6,851       1,376       1,397       8,374
       8,479       8,868       3,830       9,797       6,895       2,333       7,708       3,171       2,502       5,685
       6,448       6,500       7,560       9,035       3,145       1,342       7,579       8,499       2,671       5,927
       5,947       8,296       3,558       3,359       1,816       3,038       1,874       9,178       1,364       7,683
       5,421       8,721       9,840       2,932         470       6,031       3,109       3,789       9,236       1,228
       1,363       1,865       9,279       8,974       2,277       7,104       3,978       8,824       2,843       2,136
       4,688       2,665       4,949       9,197       2,809       7,507       3,951         468       1,789       3,188
       9,127       1,497       3,589       4,868       5,257       4,099       1,058       7,703       7,824       6,047
       4,018       8,442       1,006       4,389       1,343       2,198       9,076       3,337       5,281       6,249
       5,555       4,151       5,722       7,517       2,446       3,425       5,342       4,926       2,886       3,000
       6,374       1,661       3,762       9,987       6,611       9,422       3,817       3,922       7,054       6,510
       3,642       5,190       9,263       9,364       3,703       5,301       9,576       3,701       6,419       3,299
       3,825       1,420       2,769       6,973       5,310       5,076       6,827       4,398       9,819       6,209
       9,743       9,792       1,523       5,360       8,335       4,841       1,149       8,257         915       2,739
       7,574       1,120       9,957       4,098       6,068       3,596       6,532       5,910       8,884       9,091
       8,245       6,677       6,241         762       3,087       7,312         324       8,575         872         805
       2,663         510       2,681       9,343         390       4,457       3,179         220         798       5,344
         650       8,143       4,349       7,411       9,514       4,888       3,207       4,120       3,415       3,117
       8,306       4,028       4,851       6,320       9,562         708       1,681       9,183       5,596       8,625
       2,619       5,650         717       9,541       6,673       5,189       7,566       2,887       1,844       2,909
       5,755       8,157       9,905       4,111         388       5,197       3,006       4,393       5,764       7,857
         703         835       4,808       8,502       9,969       2,924       4,535       5,475         547       4,367
       1,221       7,157       4,671       2,989       8,290       4,689         163       2,988       7,801       4,663
       5,060       7,076         539       4,158       8,654       5,170       7,188       7,666       8,159       6,645
       8,132       9,395         439         975       3,971       8,219       8,987       9,173       1,878       1,913
       8,649       6,551         803       6,620       7,424       3,564         245       6,648       8,829       9,312
       8,653         957       1,436       7,045       3,185       8,097       9,255       6,905       2,210       7,174
       3,274       9,602       9,578       6,083       2,428       5,253       3,254         228       5,260       5,524
       4,386       9,118       2,279         861       6,155       8,191       6,088       1,530       8,107         136
       9,647       1,108       8,774       5,988       6,541       1,684       3,774       6,516       9,655       8,332
       7,447         515       5,913       1,667       1,531       7,561       8,308       3,966       1,430         878
       5,626       3,206       6,218         302       8,158       5,954       2,856       9,518       1,036       7,659
       1,192       9,473       9,681       4,423       9,070         535       4,255       4,277       8,635         738
       3,667       8,545       4,359       1,408         149       3,903       4,852       6,018       7,165       2,917
       2,343       4,376       3,047       8,424         202       2,026       5,328       9,712       4,529       8,260
       8,572       8,425       6,815       8,518       1,721       5,539       6,872       1,029       6,292       3,699
       2,640       5,147       1,541       1,371       1,190       5,843       6,066       1,463       3,941       6,954
       7,903       7,804       2,562       7,128       3,385       5,072       6,985       8,661       9,698       2,626
       6,132       7,542       5,337       9,715       3,393       4,538       1,925       8,021       2,998       1,383
       4,803       3,850       9,574       8,250       5,038       1,494       4,789       3,068       4,344       6,044
       4,690       1,612       6,015       4,110       5,130       6,338       1,702       2,217       1,155       3,458
       8,346       2,331       8,869         667       5,679       1,565       7,001       4,390       4,420       7,192
       2,857       9,788       4,213       6,340       9,373       6,294       3,186       5,672       8,691       2,629
       9,435       3,659       7,807       6,520       9,084       8,596       9,413       1,239         195       6,397
       3,150       8,612       4,365       4,234       5,956       4,174       6,275       3,852       4,300       1,222
       8,066       7,582       8,667       4,530       2,482       3,735       8,994       1,538       3,063       7,036
         685       8,658       9,521       8,180       9,772       9,150       4,552       8,380       2,772       4,609
       8,557       5,901       9,625       7,121       2,038       4,274         752         989       6,206       6,417
       7,634          47       2,888       1,864       8,748       5,454       1,055       8,569       6,951         786
       1,592         518       7,304       2,950         336       5,809       3,021       4,104       2,864       8,302
       4,580       5,287       7,196       7,286       8,213       9,242       6,406       5,711         988       8,167
       9,810       1,372       4,850       9,509       8,006       4,257       8,520       9,290       1,501       9,418
         363       9,012       1,837       6,308       2,012         352       2,191         331         806       6,144
       4,472       8,481       6,250       3,776       7,750       1,748         814       6,130       1,552       6,962
       9,909       8,862       6,454       1,814       4,071       4,692       9,003       5,157       1,716       3,457
       4,586       2,227       8,386       8,050       5,789       6,798       3,477         345       3,319       3,743
       9,682       8,746       7,163       9,784       8,929       9,669       7,930       6,085       4,162       7,260
       5,537       7,759       8,069       6,656       4,448       3,120       3,995       6,553       8,597       5,509
       9,548       3,345       3,235       4,092       3,467       3,058       2,180       3,501       4,190         226
         185       1,600       9,607       2,861       6,785       3,676       7,340       1,855       3,192       4,613
          65       8,154       6,378       4,222       3,759       6,234         347       1,803       6,346         706
       2,714       8,305       1,673       5,854       6,629       8,819       2,077       9,934       5,900       3,045
       1,688       1,872       8,082       6,267       9,389       7,714       2,822       3,225           0         436
       4,677       6,820       2,996       5,039       5,329       7,088       3,273       2,253       1,625       8,637
       7,223       2,046       3,655       4,638       9,026       8,954       1,578       4,435       4,321       9,291
       4,466       2,524         338       6,808       2,067       3,575       2,121       5,752       5,681       9,247
       5,599       3,289       4,062          60       9,889       6,881       5,628       8,427       8,165       6,440
       5,510         666       6,016       3,167       3,261       6,100       8,581       9,634       9,787       3,105
       9,485       6,957       2,984       3,816       2,724       2,686       7,836       9,986       9,687       6,089
       1,532       2,414       2,376       2,582       8,144       1,533       7,829       4,653       7,313       3,262
       3,125       2,005       8,638       5,959       8,837       7,810       8,562       4,122       9,482       4,767
       7,022       9,043       7,669       3,183       9,627       9,636       1,437       5,890       2,918       8,237
       8,094       3,711       6,237       2,768       4,093       6,452       2,813       7,774       6,491       6,770
       8,037       4,076       1,302       3,149       9,639       9,223       5,911       8,372       1,318         269
       3,478       5,104       5,471       5,296       1,249       8,218       5,137       9,744       4,358       8,754
       1,561       4,526       3,253       4,546       3,496       1,643       1,230       1,283       2,269         925
       2,230       7,203       7,475       4,329       4,682       2,762       3,647       2,508       9,032       9,169
       5,077       7,136       7,028       8,416       1,219       4,022         852       7,974       3,534       1,506
       9,381       5,636       4,328       6,767         423          63       1,758       3,981       3,213       3,561
       1,718       7,034       7,249       6,574       2,291       1,774       4,977       8,383       3,693       5,106
       2,527       6,774       2,463       3,370       3,093         787       6,003       7,240         653       9,532
       6,596         843       1,276       4,658       7,035         869       7,169         106       8,477       2,336
       6,953       9,159       9,460       5,126       6,080       4,217       2,528         105       3,857       1,369
         909       2,413       6,901       5,670       3,568       1,260       1,187       5,468       5,117       5,863
       5,486       8,270       3,569       6,173       1,713       3,740         428       4,082       2,577       5,178
       5,067       3,854       3,555       9,036       1,849       8,005       5,926       2,854         537       7,292
       1,409       9,961       9,610         230       1,212         942       1,776       6,314         485       6,335
       6,579       2,997       8,744       7,876       6,493       4,869       9,967       5,118       1,333         186
       7,603       3,112       3,223         509       9,946       4,970       6,259       1,193       8,061       1,768
       3,547       7,364       4,603       3,879       9,903         128       7,429       7,008       9,338       5,921
       3,286       1,591         620       5,969       2,972       4,066       7,649       6,007       4,630       1,822
       3,398       3,637       2,573         474       3,571       4,729       5,341       5,282       3,814       7,671
       7,908       3,658       5,721       6,002       4,881       8,222       2,460       9,708       1,129       1,340
       8,096       5,964       7,893       8,983       4,928       6,683       6,482       5,704       1,404       2,781
         355       9,678       2,090         672       4,350       3,326          97       9,717       2,800       4,727
       4,179       1,360       6,006       1,358       7,870       4,712       7,722       2,546       1,231       1,534
       4,263         563       7,982       9,551       8,265       9,080       2,438       4,541       1,682       7,496
       3,445       2,201       2,782       8,152       3,768       8,256       4,866       1,043       3,209       2,834
       9,776       2,635       6,293       3,442       7,441       4,723       1,616       8,762          84          69
         516         357       5,968         467       4,953       9,013       2,575       4,810       5,473       7,394
       6,917       5,326       7,767       1,010       5,668       2,036       7,766         126          30       3,348
       3,949         500       4,958       4,086       4,784       4,796       7,694       1,784       3,480       5,276
         627       4,968       2,646         481       8,727       3,116       1,948       5,338       2,028       1,159
       8,287       4,734       9,079       1,435         825       7,527       9,217       2,342       2,254       2,047
       9,007       5,026       7,464       1,887       1,858       1,264       1,410       4,443       1,289         490
       2,251       8,032       3,065       1,973       9,650       7,149       4,108       5,810       5,086       6,326
         888       4,676       8,098         597       9,703       3,237       3,897       1,275       6,301       9,612
         143       4,246       7,489         424       6,252         760       8,787       7,005       9,423         929
       7,851       7,385       9,082       1,535       6,672       3,476       4,994       2,589       3,375         630
       7,212       3,250       3,518       2,967         574       7,543       3,836       7,920       4,730       8,316
       8,751       2,519         744       5,615       9,100       8,268       3,839       3,990       6,033         399
       6,738       6,065       9,906       6,466       1,382       5,100       9,097       2,643       1,202       2,211
       3,054       6,727       7,075       2,811       7,587       4,900       1,415       8,434       5,455       3,399
       1,217       9,186       7,778       7,446       9,461         606       5,852       7,526       2,742       9,044
       1,127       1,185       6,518       1,263       3,737         766       3,726       5,346       7,184       4,861
       4,912       5,167       3,218       6,024       6,220       1,406       5,221         658       5,227       3,076
       6,486       5,314       4,636       3,305       1,950       7,771       6,986       3,994       1,792       3,590
       9,630       8,282       2,511       7,612       7,850       7,567       5,183       2,025       2,404       1,388
         908       4,233       7,374       2,346       9,331       8,307         231       2,889       5,659       8,137
       6,230       8,062       7,773       9,193         404         920       6,638       6,501       7,589       1,137
       9,642       4,911       4,189       8,822       1,930       1,629       8,399       3,860       7,500       2,570
       6,122         596       3,391       1,177       8,105       6,334       4,570         227       7,605       8,831
       4,806       6,803       9,733       9,237       8,646       1,240       3,494       8,472       1,598       5,422
       7,083       2,245       1,161       1,916       6,819       6,395       9,315       6,967       9,167       3,328
           5         374       6,829       4,254       5,330       8,982       9,490         795       7,221       1,949
       9,519       5,655       9,356       5,826       2,560       5,066       1,030       7,555       6,164       6,768
       3,511       2,841       6,897         244       9,790       5,002       7,025       9,316       2,397       1,285
       4,237       3,110       8,864       8,629       8,718       7,057         478       7,087       4,545       9,160
       4,639       3,031       1,800       6,284       5,456       3,661       2,723       2,937       4,764       5,541
       4,112       6,061       2,622       2,076       1,393       9,438       9,195       6,871       8,304       1,766
       6,997       9,559       2,613       5,143       9,221       5,598       3,512       4,496       7,607       6,821
         369       4,725       9,606       4,144       1,284       6,401       8,426       7,983       9,108       7,376
       6,384       5,951       6,667         729       3,022         370       5,244       5,068       4,703       6,797
       6,772       5,188         939       7,623       9,130       4,813       3,358       5,532       4,461       3,384
       2,070       9,956       1,735       8,101       2,514       9,527       8,258       4,363         109       8,204
       7,765       9,337       1,644       2,549       9,851         332       3,140       8,392       4,253       7,459
       4,876       2,532         599       4,800       8,438       7,408       2,255       3,040       1,699       5,573
       2,543       3,543       6,128       3,362       6,390       1,821       6,386       1,817       4,184       7,417
       2,821       2,661       7,858       6,381       9,202       5,063       7,089       7,835       7,401       7,077
       9,673       9,674       5,132       9,014         112       6,175       5,123       7,220       4,456       1,242
       1,553       3,313       6,045       6,686       1,018       1,481       6,756       6,379       1,859       2,183
       2,662       5,362       4,807       4,299       6,196       3,898       5,652       3,687       5,333       7,962
       1,772       7,418       5,204       2,459       6,483       6,359       6,676       1,889       6,874       1,099
         734       2,052       2,409       4,831       5,139       6,966       1,086       5,547       3,479       8,151
       9,024       6,394       3,611       6,544       6,046         874       5,753       8,600       8,804       8,702
       7,789       6,757       5,620       5,131       1,421       4,322       7,125       1,988         749       7,705
         715       9,589       6,764       4,050       5,057       8,087       9,762       7,721       8,916       7,457
       9,960       1,603         754       4,067       6,176         266       5,729       4,518       5,201       1,905
       2,659         623       8,347       9,570         571       1,196       2,863       7,334       8,291       2,132
       4,644       2,295       4,549       8,275         327       2,268       2,556       5,907       6,994       2,869
         953       6,312       3,108       9,838       2,591       7,697       7,994       9,661       9,360       7,732
       2,789       6,709       1,150       2,241       8,757       5,643       5,369       3,837       3,600       7,758
       1,172       1,454       9,115       6,279       6,288         640       9,633         356       1,295       5,984
       4,103       3,786       5,014       2,173       7,929       6,038       3,650       1,001       4,239         834
       9,254       9,147       8,238       2,694       2,395       5,396       2,375       4,163       7,761       4,306
       2,015       4,992       5,239       9,962       2,431       9,752       4,893       7,326       6,858       9,491
       4,960       1,023       8,570       2,172       4,829       4,214         634          39       8,340       6,526
       3,552       1,732       3,544       8,651       5,675       7,480       1,584       1,329       3,334       9,053
       6,508       2,489       5,047       6,404       6,832       8,813       9,990       1,207       3,205       1,586
       3,050       5,240       7,000       5,690       4,679       1,472       8,726       2,455       3,807         431
       5,357       3,114       6,750       3,196       7,453       3,911       1,712         342       3,831       6,090
       3,473       4,368         303       9,760       4,972       8,617       9,976       2,594       8,405       6,660
       5,146       8,075       9,474       2,262       5,297       7,329       4,551       3,861       7,614       5,994
       6,447       3,070       5,404       1,037       7,910       3,456       5,012       8,775       9,033       7,734
       4,814       9,086       8,988       6,720       6,011       7,179       4,265       7,154       5,740       2,580
       3,643       7,497         426         901       7,132       2,216       7,868       2,601       9,245         582
       4,200       8,971         329       8,681       6,987       2,143       9,565       2,165       1,469       9,000
         911       8,802       1,199       5,202         151       7,362       9,719       9,665       4,668       5,678
       7,752       8,286       7,984       4,717         718       2,870       2,419       5,395       6,891       6,681
       1,783       7,373       9,042       8,312       5,483       2,329       5,375       2,614          35       8,697
       7,181       5,894       8,719       9,421       2,496       3,845       7,461       5,904       6,852       5,114
         450       6,498         216       3,242       1,195       5,710       9,216       9,001       6,998         236
       5,709       1,786       8,423       9,336       4,765       8,926       7,436       2,500       9,248       2,069
       5,241       5,460       7,004           6       2,434       5,397       7,622       1,548         946          71
       6,074       5,779         810       2,750       1,351       8,609       4,115       8,991       6,745       3,796
         291       4,194       3,338       5,004       5,084       5,285       3,578       8,120       6,695       1,280
       7,281         807       5,499         944       9,653       9,510       5,304       3,565       1,885       1,336
       6,955       7,108         140       8,198       7,728       4,225       9,918       8,624       6,947       8,582
       7,717       8,674       5,392         551       8,504       3,133       9,836       6,183          28       2,274
       9,795       7,213       5,008       8,537       3,499       2,249       3,686       7,593       4,709       2,485
       9,465       4,044       5,808       2,964       2,452       6,295       9,212       8,712           4         430
       1,646       2,131       3,016       1,175         959       1,084       6,455       4,415       6,899       4,542
       9,629       2,720       1,273       9,505         542       7,725       9,779       1,596       4,929       4,394
       8,448         407       8,217       5,920       9,397       9,365       9,802       8,041       5,505       6,458
       8,247       3,231       9,621       6,509       3,509       1,022       2,590       3,619       7,571       8,317
       8,986       1,066       9,112       7,127       5,300         716       7,488       4,849       8,720         688
       5,941       1,540       5,093       4,777       5,420       8,243       8,387       5,529       7,170       1,088
       6,079       6,922       2,427       6,515       9,925       1,208       8,310       5,787       2,104       2,835
       4,502       7,482       6,810       8,816       7,111       4,760       4,950       1,157       4,442       5,250
       6,842       5,859       4,244       5,432       5,644       9,564       5,315         895       9,863       8,741
       9,099       3,272       2,247       9,942       4,788         181       4,728       6,023       4,897       2,990
          59       2,710       5,574       1,168       5,062       9,975       1,781       7,863       2,558       8,044
       6,217       1,852       5,476       5,720       7,051       2,703       9,888       7,317       7,624       9,451
       9,145       4,070       1,846       2,897       3,434         200         682       5,671       3,684       7,102
       1,191       8,903          20         568       2,709       4,284       6,630       8,025       6,354       8,110
         192       4,362       4,334       7,842       9,081       1,928       4,523       6,254       7,021       6,907
       5,374       2,599       1,313       6,948       2,974       4,000       2,154       2,858       4,041         976
       4,946       7,205       6,856       6,927       2,283       6,924       9,856       2,732       9,069       7,709
          16       3,946       1,652       1,258       7,404       3,184       5,666         670       7,138         159
       5,837       6,517       6,014       4,068       4,096       6,460       3,877       7,171       3,175       5,821
         958       2,884       8,202       7,849       7,890       6,035       1,863       9,158         130       2,450
       8,860         724       9,825         522       8,927       9,824       2,260         868       5,110       6,113
       7,862       5,527       4,877       9,443       6,845       8,339       2,418       6,528       6,735       8,503
       1,519       2,691       2,564       8,338       1,459       1,660         753       2,644         337       1,183
         979       3,416         669       6,256       6,150       6,975       5,376       8,644       6,451       9,181
         994       2,001       6,192       7,588       4,812       3,598       3,137       8,463       6,625       8,027
       3,679       1,027         391         541       1,403         225       8,052       7,451       7,636       5,154
       5,608          54       4,065       1,810       6,969       3,443       3,226       3,968       7,630       4,536
       6,425       8,460       8,558       6,644       5,822       7,905       6,839       5,961       9,408       3,372
       3,240       6,205       6,268       2,194         273       7,516       8,830       8,326       1,763       9,293
       9,058       6,697       3,717       5,163       4,085       6,674         381       9,999       4,126       8,947
       8,150       1,547       7,970       1,744         931       1,614       3,916       7,033       5,978         577
       9,428       7,118       9,137         746       8,923       8,457         133       9,404       8,221       1,114
       2,535         549       7,219       1,820       7,371       5,520       6,996       1,132       1,118       1,515
       4,141       2,297       6,188       7,756       4,038       5,881       1,842       1,428       4,409       5,234
       8,552       4,509       8,676       7,271         276       5,850       7,430       1,215       2,223       1,007
       7,795       1,140       8,274         576       9,944       5,942       6,624       1,676       7,941       2,160
       4,384       2,882       1,845       9,488       1,961       6,443       4,889       6,793       5,378       4,574
       1,002       2,174       3,819       4,135       8,608       5,129       8,197       8,341       6,527       2,248
       9,335       2,675       9,632       3,641       3,673       2,844       2,780       5,207       4,925       8,018
       3,882       1,657       2,162       4,503       5,823       8,169       1,079       2,771       6,022       6,393
       1,571       4,370       3,539       5,799       1,828       9,002       3,279       1,119       6,117       2,357
         719       5,379       9,761       4,267       7,944       4,210       1,164       9,631       8,483       5,993
       5,602       7,332       6,926       5,275       3,608       5,108       6,631       9,930       1,680       1,583
       8,976       9,577       6,479       8,449       9,638       8,812       3,748       7,344       2,435       1,319
       3,829       8,603       7,513       6,661       5,148         461       4,585       4,401       4,327       6,189
       7,380       2,159       7,707       1,896       1,986       3,056       5,673       3,489       9,754       7,032
       1,080       1,518       1,637         846       5,474       1,665         224       2,666       7,315       9,850
         998       9,952       4,820       5,868       4,930       9,152       4,918       3,556       4,858       5,990
       6,430         936       1,281       8,766       5,983       9,765       2,574       6,213       6,296       2,876
       2,824       4,976       4,785       2,017       4,494       4,318         965         887       2,101       7,716
       7,502       7,349       5,209       4,392       2,804       4,906       3,081       6,599       5,982         425
       1,433         919       3,873       6,894       9,133       9,243       5,411       2,518       5,933         104
         351       5,872       3,341       8,555       3,725       7,396       2,819       4,995       3,885         393
       1,253       7,541       6,382       9,234       4,339       2,630       7,780       2,818       8,953       6,546
       7,261       9,045       1,824       8,706       1,359         836       9,405       9,876       4,680       2,585
       1,179         482       7,680       2,921       5,601       4,781       6,615       6,409       7,698       3,426
       4,517       2,751       5,461       6,878       9,538       5,777         275       1,367       5,946       8,487
         955       3,138         704       3,909       7,826       4,212       2,369       1,558       9,868       8,433
       3,923       9,955       7,336       5,465       7,131       6,916       7,570       4,948       8,063       9,402
       6,721         680       5,021       6,369       8,112       7,386       6,372       6,136       5,695       8,840
       3,980         367       4,739       9,662       1,807       2,282       2,381       6,730       4,450       3,623
       8,566       6,422       3,009       5,841       2,653       9,875       6,607       5,581       9,240       8,429
       6,693       6,232       4,060         636       3,152       5,105       3,316       3,969       6,959       3,646
       4,724       6,351       5,757       2,881       9,184       9,149       4,413       5,756       7,595       5,501
       5,243         299       8,965         629       4,013       6,467       3,945       4,411       6,556       8,544
       9,966       7,684       5,611       2,115       1,111       5,553       5,551       8,589       5,121       3,832
       6,540       2,563       3,567         135       3,973       4,962       3,629         270       2,933       3,247
       8,028       8,164       8,967       8,894       1,032       9,534       8,613         208       1,446       7,251
       4,874       6,297       8,543       9,241       3,529       9,685          57       5,651       5,545       9,089
       6,264       2,748       1,238       8,594       9,500       3,317       3,521       7,772       9,065       5,736
         971       1,131       2,019       2,258         107       7,657       9,585       7,530       9,566       4,797
       8,708       8,737       4,945       5,775         675       5,064       3,808       3,436       4,229       6,594
       7,146       3,562       2,531       1,050       2,225       6,358       9,196       4,452       9,286       2,805
          91       2,094       2,078       1,971         558       2,568         278       3,939       2,075         689
       9,984       3,510       8,523       8,618       3,028       4,440       3,975       9,523       5,418       4,771
       5,389       7,318       4,942       1,087       4,187       3,481       5,691         290       3,440       7,046
       9,285       6,439       8,656       3,015       2,049       5,011       3,938       8,056       6,106       2,380
       1,492         617       5,135       8,859       6,329       1,508       8,514       4,599       4,651       8,073
       7,992       9,106       2,244         758       9,508       3,197       7,352       1,678       6,892         643
       3,401       4,865       1,851       3,085       4,591       5,158       4,878       3,444       9,215       1,827
       2,421       8,698       7,891       8,401       8,185         637         108       1,655       9,874       6,930
       7,256       9,249       3,124       4,657       4,198       8,833       9,257         850         437       9,101
       5,688       3,397         567       9,416       7,760         624       6,560       8,730       8,526         657
       3,979       7,159       8,458       7,351       2,107       7,998       8,801       9,151       7,633       4,666
       9,928       4,345       7,148       6,480       3,665       7,946       1,832       1,077       1,248       7,687
       8,550       9,015       5,637       3,204       8,932       1,875         339       8,810         499       8,067
         584       1,017         652         289       2,263       2,273       1,544       6,775       2,474       5,745
       4,633       2,901       7,519       9,689       5,815       1,690       7,416       7,002       3,591       5,494
       3,537       8,163       7,229       3,435       6,753       7,206       9,126       3,374       9,499       8,210
       3,890       2,823       9,871       7,754       5,518         833       1,932       1,305       3,976       3,764
       8,546       9,704       5,353       7,945       4,498       8,430       1,958         479       3,640       9,908
       9,901       8,046         881       7,428       1,507       9,729       4,226       2,520       9,750       6,208
       6,072       1,593       7,602       5,045       8,186         840       5,944       5,829       3,449       2,301
         259       4,290       4,058       2,592       4,205         572       2,153       5,495       8,684       4,612
       4,562       2,408       8,229       5,292       2,786       1,715         664       3,682       3,961       3,612
       6,988       6,523       5,607       8,453       3,092       9,830       9,046       2,949       7,504       5,254
       7,096         699       3,014       6,389       7,084       2,934       1,350         755       2,654       8,578
       1,577       3,736         494       3,157       8,944       8,696         502       3,901       7,909       7,792
       9,346       1,346       2,752       8,236       1,514       4,533       3,639       5,996       5,286       3,638
         346       2,120       8,059       7,673       1,609       4,153          94       1,482       5,111       8,161
       4,129       5,683          68          88       5,619         413       9,029       2,952       8,919         378
       7,038       9,348       7,354       8,168       6,811       1,339       6,330       3,128       2,634       9,857
       2,140       9,912       5,665       7,620       9,706       4,755       7,735       6,238         187       5,976
       4,438       4,750       3,634       7,664       1,479       1,738       9,050          80       6,885       6,131
       7,556       2,179       1,843         893       6,160       9,090       5,918       4,119       8,469       4,312
         503       4,802       3,402       6,708       4,196       8,626       3,733       4,762       7,954       8,227
       8,848       6,276       1,698       1,402       4,646       6,857       7,409       3,470       7,839       9,593
         180         198         647         322       6,091       4,369       9,163       6,383       5,050       8,993
       7,577       8,178       5,506       4,515       2,758       4,382       3,577         612       9,367       7,391
       6,507       4,867       2,148       8,371       2,737       4,432         248       1,092         528       1,881
       5,065       2,314       4,361       7,755         856       3,580       3,755       5,069       5,973       7,266
       7,226       3,455       5,811       6,392       2,267       2,317       1,475       4,909       6,886       6,365
       2,484         735         267       5,658       4,691       2,597       2,270          78       3,620       7,402
       9,323       8,172       5,641       3,628       6,539       1,886       5,669          90       9,807       5,261
         122       2,109       1,876       6,262       1,439       2,125       2,127       4,675         221       1,416
       8,297       3,791       1,799       1,920       3,758       1,384       3,487       6,477       1,423       3,993
       9,075       1,631       1,095       3,086       8,035       8,397       9,592       5,048       5,087       7,471
       6,400       9,927       9,558       8,220       4,853       7,027       5,267       8,792       1,020       6,166
       8,565       9,780         645       2,512       6,623       3,057       6,742         114       6,601       4,757
       8,985       7,512       1,989       1,909       7,757       8,223       8,476       3,613       5,874       3,893
       7,366       7,606       3,602       6,429       9,415       3,663       8,140       6,846       7,296         204
         550          19       6,247       7,320       6,487       2,031       7,820       1,701       5,846       3,582
       9,688       7,745       1,282       2,607       4,650       6,167         155         325       3,427       3,147
       5,140       5,502       7,599       5,354       1,964       4,324       5,754       5,544         312       1,332
       6,361         723       3,122       9,200       6,488       2,332       2,189       7,011       2,406       3,876
       1,798       9,588       2,578       1,296       8,116       6,949       2,195       8,536       6,424       3,856
       3,135       2,728       6,110         774       7,615       6,263       5,071       4,095       4,130       6,008
         326       3,651       5,365       4,424       6,028       3,159       5,554       9,094       4,408       4,631
       9,113         141       7,689       3,407       4,482       9,887       3,604       9,303         362       3,083
       7,297       2,029       1,044       6,244       7,007       6,485       8,724       8,418         307       3,408
         583       4,097       8,179       3,419       7,210       8,542       7,139       4,107       2,913       8,367
       1,923       4,491       7,419       9,805       8,961       3,046       4,236       1,524       9,694       6,104
       9,774       6,030       4,984       9,833       9,477       3,710       6,981       5,949       4,383       4,017
         416       3,410       6,050         698       5,450       5,768       3,535         853       6,396       4,673
       8,184       2,783       8,324       9,269       6,255       5,739       7,272       7,625       2,334       8,749
       2,731       9,107       2,530       7,831       7,677       2,044       1,391       1,450         873       8,826
       7,635       5,783       9,140       1,166       4,342       9,645       7,450       5,642       3,508       6,348
       4,429       8,196       4,873       4,899       2,935       7,230       8,115       3,257       3,989       4,462
       3,881         165       4,441       4,648       8,880       7,323       9,789       8,962       9,503       3,260
       3,327       3,417          98       4,890       5,058       9,611       9,839       5,054         884       2,350
       3,744         947       1,627       6,658       5,830       6,478       6,345       7,440       8,695       2,525
       4,169       9,615       1,468       6,224       2,204       3,446       3,433       8,045       8,505       9,572
       9,801       6,970       1,399       4,870       4,607       8,759       9,427       9,741       1,082       1,308
          92       7,343       3,772       4,501       3,052       7,474       2,836       1,647       2,345       8,373
       8,669       1,328       9,311       9,828       1,769       6,135       5,847       7,059       2,099       5,858
       1,070       3,075       5,550       8,768       6,848       7,291       7,257         905       2,862       1,448
       4,379       1,117       9,883       7,082       5,228       2,656       1,522       3,531       2,266       9,330
       8,016       2,315       8,071       1,589       6,492       9,322       6,142       8,846       5,394       1,478
       9,945       8,234       1,124       7,337       2,403       9,064         776       7,995       9,458       8,704
       8,466       1,142       1,775       3,082       2,561       5,436       6,703         206       4,220       7,823
       8,615       2,548       9,148       1,951       4,427       5,877       3,660       5,661       9,858       5,953
       5,334       1,102       8,809       1,048       3,727       5,999       3,724       5,173       2,156       8,295
         497       7,484         904         526       6,162       3,343       9,775       1,362       3,962       1,613
         386       7,006       9,454       3,896       5,806         544       2,353       3,784       8,817       7,185
       4,566       4,623       3,291       5,542       4,862       2,235       4,173       6,179       4,902         281
       4,778       9,798          67         625       6,879       6,586       2,092       7,277       6,573       3,438
       9,034          13       4,996       9,370       2,305       4,694         234       1,477       3,688       5,133
       3,430       7,279       4,477       1,999       7,818       4,705       2,683       6,156       3,862       4,100
       1,413         732       3,396       3,588       4,177       6,995       3,953       8,076       6,799       1,311
       4,963       4,615       1,983       7,301       1,634          86       5,258       8,382       9,950         333
       5,522       7,177       6,052       1,962       8,084       4,281       9,077       9,958       1,104       8,745
       3,869         456       8,421       1,918       5,195       7,743       7,898       4,366         839       9,898
       1,731       7,921       1,422       2,088       6,529       2,815       2,636       1,052       1,268       7,305
       2,145       8,043       9,640       4,589       6,048       9,710       1,879       6,512       3,379       4,012
       6,849       5,467       1,203       8,393         961       5,540       2,608       5,289       3,264       2,396
       6,169       4,036       7,963       1,198       8,623       6,904       9,294       4,109       5,320       5,861
       8,573         802       8,263       8,000       7,290         496       1,871          22       2,991       7,283
       6,020       2,129       3,103       3,788         117         382       3,652       2,023       2,128       4,756
       1,344       1,486       4,223       8,231       6,457         611       5,571         239       7,280       8,428
       7,211       7,152       5,223         984       1,136         784         448         628       9,377       2,741
       3,550       6,333          32       1,537         741       5,384       2,667       2,059       3,041       8,090
       1,724         770       3,935       6,426       8,368       9,965       9,679       7,485       2,794         175
       1,085       1,154       3,412       9,561       3,080       6,700       3,290       9,205       9,515       5,325
       6,328       1,777       5,963       4,564       7,126       5,935       7,470         476       9,463       8,841
       1,640       2,642       1,135       1,025       8,838       6,782       5,719         821       1,944       7,350
       9,820       4,649       5,466       9,767       4,838       3,677       7,604       1,374       3,181       2,865
       7,819       7,306       1,379       6,979       6,269       8,331       5,717       5,284       5,816       4,652
       6,317       6,841       7,651       9,059       9,057       3,505       7,841       7,049       8,895       6,034
       2,042         987       1,211       1,740       8,561       2,891       7,865       7,564       2,024       4,923
       7,476         663       8,913       7,449       6,736       8,996       5,867       4,292       9,056       4,230
       7,137       7,811       1,551       2,504         966       8,710       2,004       1,839       7,265       5,713
       8,799       1,015       4,905       8,788       5,336       3,851       9,954       2,451       1,760       2,320
       7,808       7,848       1,873       3,930       5,212         655       6,360       1,902       4,356       8,160
       5,981         335       9,528       7,986       4,079       1,254         233         422         781       4,616
       6,324       3,886       6,245       2,859       9,321       2,135       4,051       8,911       1,825       6,163
       2,479       9,207       1,121       2,536       7,939       1,297       7,815       3,275       8,857       8,714
       9,563       4,721       1,685       5,840       5,825       1,695       3,234       2,430       4,040       2,707
       6,855       9,426       3,982       4,768       4,883       3,528       8,493       9,991       4,332       5,771
       3,541       3,265       3,187       1,065       2,658       8,443       9,048       3,955       9,419       1,112
       1,291       5,896       6,086          26       1,679       3,474       9,027       6,558       3,576       3,161
       5,299       1,884       4,678       4,740       8,284       3,621       3,482       8,357       5,382       1,019
       2,113       4,084       6,690       2,602       7,964       8,548       4,170       4,988       5,525       5,748
       4,485       8,412       8,269       8,519       5,589       7,119       7,844       3,256       8,679       8,680
       9,624       4,296       3,840       6,618       9,452       4,761       2,344       5,225       3,871       1,606
       4,465       4,402       1,604       2,552       6,715       8,835       4,156       9,796         932       8,156
       3,276       9,644       3,392       1,529       2,394       5,979         845       8,259       1,502       3,674
       2,745       1,076       5,423       9,447       2,719       4,094       6,456       2,226       5,434         256
       8,731       1,162       4,809         540       1,314       3,506       4,793       5,728       3,884       7,639
       3,049       8,475       3,914          61       8,977       5,564       5,738       8,079       6,559       6,790
       5,018       4,026       7,825         261       2,545       7,942       2,318       2,142       2,236       3,615
         681       6,944       5,373       2,503       7,247       9,714       3,947       4,845       1,854       7,241
       9,517       7,828       4,544       2,377       1,062       6,838       9,556       9,136       7,631       8,414
       2,323       8,303       2,951       3,484       8,446       1,390       3,983       7,140       3,746         219
       3,300       5,082       9,600       2,936       2,690       1,752       4,531       4,516       9,724       5,217
       2,213       2,206       5,772       4,836       8,030       8,713       5,517         280       1,146       2,537
         215       1,445       8,166       6,108       6,854       3,892       1,910         446       7,545         250
       9,262       2,171       8,117       3,997       5,819       5,906         812       5,519       3,311       2,557
       2,096       1,771       1,073       4,381       8,130       4,336         523         457       5,879          34
       7,640       7,833       7,288       9,583       4,142       3,001       5,747       8,851       8,203       1,213
       5,443       4,629       6,181       9,671       5,028          33       2,875       5,549       1,550         777
       9,310       2,234       7,682       9,693       7,425       4,704       9,526       4,795       1,750       9,166
       7,113       8,950       2,062       2,280       2,776       9,478       1,261       5,442       8,348       3,519
       1,511       7,980       8,990       5,006       4,642       2,292       5,701       7,926         309       2,746
       7,594         867       7,646       1,449       8,022       2,801       6,318       4,232       5,462       5,075
       2,111       4,150       3,293       1,779       2,499       4,003       5,903       7,377       4,782       3,304
       3,451       4,710       9,911       7,308       5,246       6,783       6,632       5,211       8,072         775
       8,909       9,971       2,085         841       4,197       5,312       8,246       9,019       5,366       4,252
         923       6,773         555       9,890       7,917       2,072       3,098       2,265       4,931       2,513
       8,630       3,824       8,031       8,997       2,002       2,209       9,366       8,078       8,489       6,210
       6,734       6,915       7,856       9,948       6,555       8,001       5,546       4,278       8,875       4,486
       9,206       7,784       6,843         851       4,460       7,985         651       5,419       8,711       6,367
       6,534       1,674         138       9,390       1,658           1       7,923       6,004       1,778       3,778
       3,131       1,654       5,298       9,345       3,959       4,884       1,970       8,767       7,508       3,069
          45       7,392       1,407       1,262       1,093       2,119       3,347       2,021       2,993         579
       7,977          43       1,425       6,919       8,369       1,021       1,279       1,931       7,586       9,692
       6,148         967       2,219       6,289         725       2,827       2,271       2,817       8,750       9,507
       9,718       7,803         525       4,426       7,239       6,912       8,506       5,410       5,857       1,386
       1,016       9,368       7,390       1,484       4,397       7,123       2,706       2,943       3,553       1,847
       7,770       7,768       5,938       7,783         588       8,064       4,431       9,357       8,206       7,996
       3,958       1,899       6,747         992       5,839       6,075       8,571       1,312       7,523       1,353
       4,027       6,778       7,384       9,560       6,185       4,192       9,740       3,452       5,588       6,862
       6,762       8,619         844       5,743       8,215       4,118       8,149       6,597       5,818       7,020
       9,442         418       2,481         910       6,794       6,971       1,741         176       5,715       9,073
       5,767       5,751       4,331       4,453       9,811       7,685       7,531       4,667         201       1,491
       2,197       2,393       6,570       4,185       7,195       7,999       7,642       8,173       6,765       4,034
       8,709       4,524       1,808       3,675       5,939       9,006       3,770       5,399       5,766       2,448
         621         167       6,134       4,016       6,934       8,455       3,500       2,137       7,632       5,618
       5,742         203       6,371       2,963       8,381       1,729       2,774       1,979       1,831       8,216
       9,228       9,701         561       6,170         131       5,915       1,091       3,212       9,439          76
         632       3,668       1,645       2,770       7,245       4,138       3,297         137       5,794         654
       6,071       2,586       9,468       7,307       8,604       7,433       5,024       9,920       1,797       8,190
       2,089       5,181       4,437       8,521       3,230       9,329       9,782       9,697       4,474       8,592
       9,895       7,135       7,576       4,280       3,767       9,550       4,276       8,773       9,808       8,722
       6,941       5,836       6,274       5,700       4,504       1,012       7,155       2,490       2,816       8,176
       7,412       5,402       6,713       7,397       6,121       2,847       5,435       9,992       3,462       4,340
         406       2,073       1,147       5,914         334       2,352       3,096       9,501       1,945         954
         877       7,202       6,280       2,982       6,049         148       7,231         756       2,637       5,380
       2,311       2,976       2,035       1,764       2,925       9,093       6,583       4,434       7,883       6,654
         277         505       5,758         945       7,678       6,073       3,420       8,378       6,694       6,171
       4,588       3,917       4,171       7,799         559         794         952       6,643       1,861       9,736
       7,933         690       7,967       2,565          37       7,086       3,354       1,470       2,603       2,039
       4,240       5,603       2,488         169       5,078         475       4,249       7,521       2,464       9,700
       1,968       9,049       5,663       6,040       8,398       1,959         818       4,475         721       6,445
       9,088       7,442       5,622       5,151       1,812       2,003       2,307       9,103       2,693       3,838
       7,528       9,391         622       7,129         310       7,940       5,832       6,001       4,798       8,998
       6,062       9,835       3,972       6,437       8,498       2,631       6,195       9,153       3,288       1,677
       3,692       4,337       1,897       7,536       7,228       2,775       7,303         783       6,343       5,943
       1,708          51       4,123       5,761       4,927       5,109       8,717       9,120       8,281       8,510
       6,576       4,895           3          23       7,952       5,448       7,345       6,999       9,386       1,564
       2,313       9,932         385       7,648       9,199       3,101       1,850       1,457       9,116       3,371
       5,882       2,033         288       2,304       9,384         533       5,597       5,584       3,216       5,480
       2,284       7,012         906       3,753       4,105       7,817       7,478       8,907       5,020       1,008
       2,845       9,949       3,605       2,713       3,418       7,365       8,784       1,521       8,647       1,074
       7,463         103       4,981       3,868       4,922       6,646       3,048       6,779       9,095       7,285
       9,725       1,559       8,777       2,287       5,005       4,219       1,458       5,886         827       2,351
       7,866       4,235       9,818       1,900       5,208         899       2,617       5,723         451       7,746
         595       4,787       8,791       4,286       4,039       7,358       1,509       4,726       9,409       4,203
       1,621       9,628       7,200       7,912       8,494       9,709       9,067       5,155       8,509       8,854
       8,417       7,403       3,059       6,937          46       7,215       2,491       1,976       8,591       9,342
       2,837       9,484       8,643       3,095       5,735       4,979         214       6,578       1,995       1,500
       4,698       6,398         311       3,464       1,570          99       5,272       1,456       8,640       2,492
           7         447       9,823       4,794       8,233       5,426       1,757       2,986       8,527       9,306
       5,930       5,899       3,353       5,313       6,307       9,138       7,553       8,262         241       4,405
         556       4,590       9,123       6,619       5,530       9,385       1,597       1,567       3,400       6,233
       1,090       1,466       3,702       9,940         951       6,258       6,961       3,309       6,078       9,590
       8,553       3,282       8,138       3,394       4,772       8,847       1,224       4,773       3,166       1,063
       7,650       7,041       2,711       6,865       6,659       4,519       5,605       5,508       2,926       8,293
       3,084         828       3,785       8,943       9,821       1,246       2,365       5,097       8,675       9,020
       9,371       5,844       7,809       4,056       2,240       1,990       2,820       3,691       2,920       8,454
       5,974       1,635       6,427       3,722       4,514       5,960       4,131       7,094       4,145       5,022
       9,668       6,769       1,078       8,806       8,567       5,182       2,114         894       3,020       1,933
       5,902       7,209         573       1,956       6,739       7,372       7,044       3,142       3,504         981
       8,148       2,660         891       3,094         692       4,015       2,091       3,530         158       9,922
       9,155       6,875       4,875       4,655       2,726       1,727       7,395         938       9,022       9,264
       1,424       3,340       6,216       1,041       4,199       7,667       2,830       7,957       4,161       9,680
       4,936       4,572       8,255       1,338       6,572       3,356       1,848       2,319       4,908       2,456
       9,156       6,976       6,215       8,266         543         308       5,917       8,949       5,725       9,738
       6,600       9,778       7,070       5,446       7,830       2,699         974       8,534       4,024       7,753
       2,962       4,333       4,476       9,429       5,438       7,310       1,908       5,449       4,439       7,965
       2,959       4,077       8,885       4,670       9,539       7,618         641       8,301       1,576       8,271
       9,284       9,252       5,838       3,867       5,134         552       4,495       7,670       1,045          95
       1,883       3,908       7,563       8,867         956       8,763       6,946       5,876       8,876       2,477
       6,749         170       6,403       2,695       4,786       6,103       9,696       9,870       2,102       3,051
       9,131       8,376       8,124       6,813       7,800       7,947       7,168       6,207       3,013       5,424
       2,378       2,510       4,596         564       6,146         546       5,860       8,735       2,868       9,277
       5,484       5,245       5,653       9,433       4,561       8,963       2,874       1,451       8,126       2,715
       2,595       4,864       3,738       4,378       5,686         614       5,763       6,139       5,855       9,731
       9,841       1,726       5,238       8,015       3,704       8,036       2,177       8,359       6,514       8,108
       6,698       5,349       9,283       7,510       8,920       5,403       9,720       8,065       6,204       3,198
       8,948       3,380       6,687       7,915       7,151       4,901       9,295       8,360       5,677       1,633
       4,042       7,769       5,061         191       8,952       2,392       1,805       1,802       6,405       8,886
       6,054       5,883       7,359       4,817       6,385       2,664       2,878       1,997       9,660       9,800
       8,707       1,853       1,453       5,291       7,289       8,892       6,711       7,487       7,298       8,411
           8       9,968       7,884       1,227       6,201       7,363       4,966         809       4,492       6,781
         808       4,715       7,413       5,332       9,504       9,164       4,835       8,081         648       1,590
       7,779       6,058       9,339       4,576       3,321       1,981       3,700       1,303       2,756         797
       7,879       8,330       1,236       5,774       5,932         709       5,444         328       3,168       3,513
       9,587       8,904       1,856       8,877       9,374         769       6,305       4,766       4,489       6,137
       3,091       2,692         157       4,987       2,957       7,346       4,894       8,984       7,690       4,571
       7,960       9,996       8,790       2,322       5,817       2,079       1,257       7,407       8,576       3,268
       9,591       3,064       9,873         586       9,189       6,242         683       8,313       2,321       7,381
       2,958       7,492       7,378       5,235       4,935       3,306       2,060       1,125       1,860       6,036
       8,899         274       2,185       4,720       7,010       8,652       5,627       3,880       7,645       3,617
       8,214       4,113       2,734       6,248       5,875       3,669       8,912       5,640       9,379       3,439
       8,354       1,349       5,451       5,125       5,101       4,081       3,502       2,873       6,639       8,957
       8,194         842       4,701       5,232       7,014       2,829       1,103       6,057         926       7,309
       5,831       5,889          18       8,556       1,405       2,405       6,582       3,818       1,097       9,793
       4,422       3,732       6,725       8,525       9,071       4,733       4,959       1,464       3,043       6,226
       7,273       7,544       5,482       4,464       9,837       7,328         941       5,348       2,840       2,915
       3,560         411       7,060       7,973         150       7,164       2,410       4,204       2,257         222
       5,372       5,074       5,827       3,940         973       1,387       6,524       1,940       2,975       8,642
         212       7,483       3,241       3,771       9,129       6,826       6,830       5,185       3,714       8,641
       5,791       9,604       6,870       8,685       9,941       2,290       7,208       5,972         778       1,966
       9,979       1,516       7,874       3,812         504       7,259       6,490       9,735       1,694         401
       4,618       9,298       5,496       1,653         263       9,267       5,699       8,145       1,462       3,158
       5,162       2,910       4,287       5,251       7,919       3,595       8,690       5,316         218       8,358
       6,867       2,994       4,289       2,903       9,618         712          52       3,411       5,765       3,301
       1,607       6,760       6,182         700       5,035       5,898       6,864       9,502       4,360       8,092
       4,737       6,977       2,117       3,036       8,547       3,498       3,833       1,917       5,055       1,894
       3,527       6,435       6,266         607       6,925       3,032       3,072       2,650       7,003       7,042
       7,175       2,237       7,733       5,415       4,921       2,100       3,335         982       3,950       3,524
       6,408       7,017       9,301       2,415       4,718       9,031       6,831       6,462       9,486       2,919
       8,432         238       2,437       6,347       4,947       2,927       5,390       5,897       6,056       7,627
         361       7,321       1,513       2,792       8,410       5,706       3,403       2,554       4,054       8,779
       9,595          85       1,601       3,284       6,138         898       6,929       5,343       8,863       2,202
       6,566       8,278         319       2,787       4,089       9,919       3,649       5,635       3,322       4,640
       5,001       4,839       8,490       2,620       1,327       8,925       6,940       4,256       7,452       2,399
       7,388       7,660       6,337       4,669       9,764       4,857       9,867       1,753       9,691       1,250
       5,116       4,933       8,655       5,985         124       9,951       3,965       5,166       7,183       2,566
       9,092       2,581       3,278       8,989       6,598       4,559       8,563       9,407       5,845       1,672
       7,112         376         609       6,094       8,248          56         420       8,311       2,606         538
       7,552       2,965       5,716       1,862       2,122         396       3,139         553       7,325         580
       2,229         318       2,385       4,620         455         379       6,278       7,565       2,312       2,893
       7,643       4,626       6,495       4,759       2,550       3,843       2,238       1,787       3,163       7,383
       2,043       5,428       6,671       7,166         733       7,040       8,541         673       1,216       2,966
       5,347       6,043       3,323       5,363       4,391       4,218       5,604          50       8,893       7,486
       7,448       5,647       3,151       8,355       4,294         751       2,928       2,068       6,613       3,270
       9,580       2,461       3,292       8,621       3,119       8,538       2,309       2,208         799       3,200
       4,101       6,728       9,859       5,878       4,735       4,454       3,342       5,290       7,062       7,172
       5,405       1,659       4,136         949       6,219       3,023       2,729       3,716       3,507       8,361
       6,298       6,042       3,485       3,280       2,011       9,493       6,933       8,136       4,749       9,251
       6,943       4,074       9,431         854       7,644       3,666         930       6,180       6,918       4,364
       2,186       4,634       9,866       2,190       5,255       7,679         545       6,626          15       7,505
       8,905       9,769       2,176       3,228       2,134       6,229       9,483       2,193       1,993       1,663
       7,387       1,823       4,758       7,375       2,149         444       4,969       9,476       7,066       7,300
       9,489       9,220       5,924       2,054       9,128       1,594       4,711         890       2,977       1,438
       2,181       1,815       4,490         255       6,470       8,375       9,553       8,389       8,970       7,647
       2,898       1,978       4,396       4,425       5,997       1,241       5,364       5,702       5,142       8,135
       8,699       1,133       2,596       7,840          21       1,013       5,727       6,931       3,636       6,890
       9,554       7,263       3,631       7,242       3,584       5,624       6,355       7,264       9,392       6,704
       9,806         471         638         707       2,018       7,956       7,763       7,420         691       3,863
       5,085         154       1,368       7,518       7,254       9,198       8,955         903       4,738       8,632
       1,830       5,892       1,011       3,654         472       9,341       5,645       6,115         364       3,146
       7,788       9,297       7,253       8,298       2,354       9,794       9,238       8,872       4,587       5,488
         460       9,995       7,987       1,141       6,992       4,816       2,648       8,225       1,298       7,573
          74       8,127         285       3,376       9,817       1,307       8,786         483       9,892         731
       6,513       1,441       2,754       3,294       8,845       5,980       6,696       6,438       9,362         392
       2,697       4,594       5,580       6,261       9,455       1,780       4,315       4,989       1,528       5,785
         829       3,986       8,390         520       8,364       9,881       1,038       6,889       6,642       3,542
       5,684       4,304       6,740       9,326       6,636       5,153       7,302       4,844       7,201       2,778
       7,537       8,134       4,297       6,812       4,055       4,713       1,184       6,519       9,275         463
       4,776         789       5,957       6,863         601       8,607       5,680       2,093       4,478       1,148
       5,577       9,666         726       7,360       9,430       6,965       5,051       3,974       8,394       8,517
       8,199       9,121         162       6,699       9,861       7,592       1,071       4,348       5,548       4,271
       1,581       3,386         354       8,616       2,506       2,368       2,299       6,991       2,902       2,386
       2,702           9          31       6,800       4,133       8,850       8,865       7,899       8,747       9,864
       7,130       4,301       9,361         453       5,107       2,539       9,287       5,824       3,803         372
       1,991         492       8,129       9,699       5,350       4,072       6,494       9,063       7,065       8,999
       6,240       1,294       6,013         594       9,393         900       1,669       2,904       7,887       8,602
       8,940         676       7,331       6,622       1,608       6,187       8,023       5,056       4,848       2,942
       1,710       3,463       5,888       9,302       7,932       7,414       2,727       1,719       5,416         592
       6,960       1,290       4,916       2,232       5,165       1,209         566       3,954       8,391       3,846
       6,415       6,548       8,973       7,892       9,146       5,493       2,604       8,342       3,365       6,380
       9,305         532       8,901       6,416       2,669         383       9,225       5,177       1,642       6,140
       2,799       3,581       7,078       2,796       1,064       3,579       6,356       6,370       7,454       5,689
       7,886         217       5,141         773       8,769       7,629       8,155       2,808       9,575         696
       2,188       5,516       9,549       8,585         997         940       2,812       2,852         119       9,333
       6,903       3,750       7,270       6,352       8,029       5,383       5,871       3,709       8,444       5,049
         635       4,259       2,443         184       5,361       2,779       3,662       4,565       5,781       1,941
       2,256       5,160       7,864       5,088       8,753       9,552       7,015       9,125       1,620       3,763
       4,087       2,300       5,646       9,676       9,756       5,600          36       8,873       3,471       3,189
       8,403       5,769       8,333       3,239       1,431       5,009       4,563       9,231       7,525       8,264
       5,156       8,089         678       4,700       4,520       5,017       2,647       1,252       8,688       5,176
       3,126       9,869       9,747       4,258       6,145       7,787       5,788       2,842       9,111       6,786
       5,814         847       6,172       7,190       6,322       7,873       9,204       9,663       5,497       2,359
       5,989       5,252       9,843       9,786       6,476       6,908       5,998       6,592       6,974       9,658
       3,806       1,101       7,821       5,041       7,199       6,932       8,700       2,899       4,693       1,906
       1,496       6,281       2,971         557       3,368       8,992         613       2,684       5,003       6,909
       7,654       3,352       1,310       6,603       1,378       6,587       4,846         384       7,549       7,662
       3,554       6,387       8,665       3,998       5,534       3,388       5,737       4,754       4,746       7,846
       3,060       4,202       4,083       1,639       8,370       6,366       4,774       3,585       3,795       3,493
       7,061         414       1,414         849       6,123       3,428       2,954       6,824       5,478       5,367
       9,072       7,255       3,517       7,144       4,421       7,524         343       6,310         489       4,672
       9,359       2,150       1,751       8,821         268       1,334       4,319         604       9,281       5,431
       7,023       7,187       8,201       4,182       4,619       7,701       7,514       6,649       7,621       9,154
       8,323       9,513       1,347       6,791       5,511       2,922       7,103       1,385       9,259       6,239
       3,062       1,794       3,745       2,553       6,350       3,887       5,386       5,149       4,355       1,442
       1,259       9,608       1,317       3,422       8,823       2,930       2,433       7,319       1,804       4,641
       4,818       3,695       8,956       7,928       7,880       2,020         857       8,337       2,462       2,289
       7,068       1,835         403       5,230       7,981         791       1,935       7,282       2,207       8,365
       4,886       7,897       1,176       6,980       7,978       3,030       8,882       3,927       7,438       5,790
       6,840       9,446       3,630       3,255       3,780       9,192       7,935       5,293       9,420       6,818
       6,114       4,005       2,633       3,952       9,848       8,580       5,909       3,516       5,433       7,294
       4,073       8,540       7,948       6,102         871       7,598       2,696       6,315       5,294       1,471
       8,758       4,842       1,380         353       5,950         253       3,928       4,377       7,109       8,146
       7,688       3,594       9,268       3,071         194         554       1,189         816         880       5,191
       1,145       6,914       5,175       4,614       9,506       5,138       8,111       8,285       6,474       4,499
         260       6,978       5,452       2,521       9,569       2,063       1,722       7,958       6,719       1,811
       8,049       3,061       6,662       4,449       6,309       8,648       5,096       2,523       7,693       9,211
       4,487       9,141       1,373       2,542         969       5,270       9,060       8,559       9,977       3,749
         642       5,692       9,844       1,395       3,320       5,262       7,490       6,521       3,010       4,282
       4,346       3,520       5,585       4,697       6,428       5,136       7,727       5,625       3,111       9,872
       7,101       1,610       6,880       7,572       7,601         443         928       2,146       2,080       7,597
       6,580       5,667       3,406       3,685       6,641       1,167       1,042       4,528       7,729       1,139
         660       3,201       9,879       7,052       2,638       9,201       9,040       5,971       8,634       1,256
       1,039       7,222       8,915       5,697       3,742       2,505         115       2,084       7,740       2,538
       9,017       1,056         866       7,410       1,765       3,387       2,429       2,298       8,890       3,118
       1,953       9,812          72       3,395       5,081       8,033       1,144       2,483       5,080         701
       4,444       5,381       6,837       2,736       9,814       3,018       8,436       8,034       1,324       3,823
       8,133       1,047       9,074       1,398       1,957       2,362       5,955       3,283          27       2,979
       7,225       4,568       2,625       2,055       5,664         432       8,528       7,575       4,605       5,237
       9,983       6,784       5,013       1,366       7,668       2,717       8,088       1,169       2,167       9,180
       1,170       6,701       9,354       1,595       8,171       6,724       9,832       3,453       1,770       7,736
       3,907       9,464       2,846       1,361       2,083       9,188       8,852       6,565       5,099       6,341
       9,753       6,299       8,539       6,723       2,806       2,453       1,868       4,106       8,003         394
       5,778       6,313       5,970       8,103       1,636       2,725       1,737       6,331       3,728       6,364
       7,871       1,122       6,194       4,371       9,734         536       8,633       8,891       2,685       2,948
       2,013       9,815       9,529       5,908       5,279       5,046       1,234       4,659       4,008       4,148
       5,797       2,087       2,250       2,447       1,237       3,644       9,087       2,058       1,745       9,098
       2,308       3,271       1,924       9,512       4,147       3,413       1,394         686       2,872       2,169
       9,165       2,412       9,239       7,785       8,325       2,757       6,321       2,639       3,603       5,923
       6,225       5,523       9,923       9,109       4,961         365       7,050       7,067       2,960       7,287
       3,162       6,972       2,417       8,461       7,048       6,647       8,181         779       7,400         321
         962       1,574       3,219       6,616         120       9,707       3,215       6,920       3,999       6,473
       8,379       8,664       7,275       7,663       4,752       5,318       3,287       4,748       1,226       6,585
       7,465       8,588       9,594       1,809       9,980       8,205       6,836       3,912       6,253       9,449
       7,107       5,295       3,713       4,974       3,390       9,314       2,272       2,037       6,771       9,997
       3,121       9,190       8,798       8,336       4,159       8,113       8,627       3,363       9,916       2,032
       4,500       9,773       8,102       2,356       4,283       7,888       2,716       6,942       3,835       9,398
       6,563       8,900       5,053       4,037       3,944         970       8,125       7,180       4,090       5,091
       4,302       1,965       1,801       7,491       3,232       2,814       3,626       6,357       9,781       3,926
       5,648       2,098       5,995         300       9,998          89       5,042       4,521       6,475       8,200
       7,124         257         585       1,377       8,174       7,284       8,921       2,390       2,689       7,347
       1,901       4,982       1,300       9,218       9,878       5,229       7,031       3,872       1,272       6,617
         375       3,172       9,456         978       4,471       4,191       4,863       4,555         242       6,635
       2,341       3,549       7,115       1,687       5,472         279         197       2,423       4,116       1,675
       5,891       8,406       8,244         123       7,907         896       3,680       4,859         182         323
         190       4,273       6,668       5,730       1,009       6,691       1,493       3,775       4,907       2,166
       8,928         912       2,516       9,842       2,010       9,441       8,896       8,922       7,822       5,556
       5,306       9,176       4,511       7,845       1,483       7,267       6,285       2,674       7,797         581
       1,309       6,193       6,412         314       8,622       3,033         587       8,121       2,175       1,888
       9,943       3,747       5,098       7,466       8,780       1,782       3,532       1,426       7,806       2,457
       6,952       8,485       1,049       2,611       7,548       6,796       6,260       6,283       8,855          93
       1,711       3,173         166       2,598       4,291       7,775       3,141       4,323       8,054       8,352
       4,175       3,123       5,417       7,764       9,777       3,259         737       2,468       6,911       9,471
       7,237       2,465       4,467       7,878       9,543       1,890       7,971       9,826       7,214       9,139
       4,470       2,097       7,216       2,449       6,869       2,133       1,756       2,212       5,543       5,408
       4,446       8,560       5,187         687       3,174       8,407       6,680       5,340       6,792       6,825
       7,712       9,417       3,503       9,757       2,879       4,983       9,011       8,447       4,059       8,315
       3,170         995       9,531       1,476         972         498       1,014       7,832       8,878       4,915
       8,395       6,627       2,807       4,695       2,923         993          81       7,700       9,450       4,139
       9,119       6,009       8,531       1,754       6,497       4,558       4,033       6,373       9,907       9,327
       4,534       3,037       1,936         506       8,807       3,180       9,358       6,069       2,623       8,118
       8,610       4,834       8,106       4,480       8,796       3,883       7,748       3,913       4,660       7,339
       1,704       5,322       2,655       3,055       8,249       4,335       4,819       8,402         811       4,030
       7,443       8,689       9,161       2,763       6,368       2,645       9,667       9,853       4,527       9,989
       6,884         449       6,336       8,235       8,785       8,964       8,123       7,877       8,450       5,400
       2,914       6,041         679       6,302         668       2,366       9,229       7,786       5,945       9,434
       9,332       6,714       2,698       3,074       9,573       4,007       8,935       1,299       7,731       9,937
       4,621       1,739       3,039         662       6,027       9,933       4,548       9,675       5,975       1,915
       3,563       3,378       4,601       5,070       1,204       9,185       8,808       6,731         400       1,826
       3,739         264       6,303       7,311       1,566       9,613       5,469       3,465       7,437       3,248
       2,826       3,191       3,199       4,285       1,100       9,739       9,686       6,107       8,211       4,611
       9,008       7,723       8,415       2,261       5,931       3,609       7,895       2,398       4,512       9,300
       6,147       6,707       2,880       5,940       9,265       6,070       1,517         569       7,145         918
       7,894       3,344         948         315       4,597       9,250       7,207       4,047       9,214       6,761
       6,663       2,657       9,344       6,157       9,635       8,866       2,222       2,766       3,977       3,574
       9,915         330       2,765         287       4,753       5,912         745       5,274       9,567       3,607
       1,903       3,115       4,896       8,153       3,545       4,779       5,356       5,489       4,975       3,246
       9,187       8,228       8,778       1,411       5,594       3,224       4,687       7,399       1,201       7,550
       2,735       6,868       9,884       6,504       1,026       9,913       7,515       1,882       3,792       7,720
       4,075       4,180       5,218       1,619       6,489         570       8,318       1,210       1,270       8,480
       6,441       2,178       3,696       2,441       1,733       2,773         631       1,926       6,311       4,002
       5,196       3,066       9,683       8,836       1,833       2,108       4,149       7,713       8,874       2,883
       6,595       9,921       7,116       4,919         792       3,488       9,175       3,586       2,749         368
       8,241       5,485       4,009       9,246       2,825         452       6,339         860       7,718       9,525
       8,240       5,305       7,262         235       7,966       6,461       1,060       5,409       3,318       1,728
       7,972       8,678       2,583       9,964         508       8,039       5,631         445       4,684       7,814
       6,665       4,418         147       4,155       3,491       2,196       9,596       5,731       5,359       7,333
       6,809       9,791       3,164       9,862       8,590       8,183       2,587       1,061       1,985       7,236
       6,388       7,204       3,461       7,739       2,124       8,692       7,099       9,924       5,513       5,848
       6,591         804       6,407       7,198       4,581       5,010       3,721         247       8,053       4,951
       2,022       1,306       9,768       2,555         598       9,582       4,741       9,623       7,503       4,645
       5,512       8,019       5,303       2,061       1,974       7,867       5,103       5,307       5,214       4,497
       6,450       4,419       3,904       3,809       9,492       9,170       7,959       3,523         830       2,551
       7,469       6,859       6,817       6,101       2,436       7,854       4,914       1,725       6,650       8,467
       1,503       1,656       5,870       6,377         454          58       1,452       1,274       4,991       3,616
       8,938       6,174       9,051       2,941       3,249       3,351       3,718       5,507       7,762       6,286
       5,210       8,294       2,987       6,342       8,516         764       2,738         292       4,181       6,777
       9,749       3,741       7,691       4,341       4,201       5,533       7,719       7,019       1,536         765
       6,118       3,570       8,593       9,579       9,340       4,308       9,004       8,733       2,980         210
       5,566         517       2,567       4,316       7,382       2,785       2,303         398       3,875       8,329
       4,745       9,544       6,807       2,569       4,311       6,584       2,955       1,396       5,708       2,777
       1,143       5,582       3,540         397       3,336       4,143       8,345       3,689       2,802       9,597
       1,194       2,721         935       5,152       5,612       2,276          17       6,833       8,535       1,697
       5,205       5,609       2,051         863       2,141       7,837       2,476       4,134         865       8,040
       1,180       1,304       8,093       2,534       6,545       8,497       3,236          24       7,747       8,781
       1,840       9,799       4,775       1,922       4,978         626       6,692       9,177       5,179       9,194
       3,355       9,299       4,843       7,355       2,112       2,677       7,843       4,598       9,085       1,921
         293       8,492       3,895       2,205       3,160       3,810       4,410       4,879       2,155       5,371
       5,674       2,286       4,029       6,633       5,682       1,857       5,991       1,429       5,145       5,784
       4,307       2,214       9,546       9,025       2,652       1,505          48       1,130       1,870       3,035
       7,596       2,487       6,795       6,788       5,801         511       6,746       1,555       2,349       8,500
         465       9,472       6,549       7,658       1,067       4,964       5,222       1,834         943       8,871
       9,124       9,171       3,012       7,782       7,882         305       8,842       9,018         298       8,226
       9,355       8,468       5,247       1,967          64       9,601       8,496       4,484       5,492       3,104
       1,877         419         665       8,686       5,491       6,666       5,703       7,706       1,638       3,622
       1,707       9,599       5,579         819       2,402       2,339       8,930       2,877       9,904       3,459
       1,107       9,649       2,082       1,255       4,048       4,719       8,554       8,170       3,842       1,126
         933       7,938       7,235       7,547       6,608       2,790       3,645       8,760       9,363       5,351
       5,587       5,842       9,902         486         736       7,554       8,086       3,243       9,142       9,847
         986         991       5,803       9,469       4,617       4,262       3,820       9,208       5,562         759
       2,294       2,579       7,922       8,253       2,103       2,501       9,829       9,021       1,432       5,319
       4,904       8,328       8,474         649       3,429       5,623       8,224       8,782       1,325       9,448
       6,214       3,546       2,894       5,040       6,291         373       5,795       4,167       5,929       8,522
       2,123       6,198       5,036       7,943       7,949       6,716       7,081         790       9,309       3,653
       6,087       2,293       9,982       2,041       3,821       2,203         697       3,987       3,765       9,695
       3,165       2,281       9,917       7,473       5,092       4,823       3,804       8,343       3,632       4,815
       8,252       8,209       3,466       1,105       5,102       5,256       7,085       8,827       2,220       4,406
       1,898       8,595       5,770       4,168       4,578       6,938       8,672       2,259       9,785       1,649
       1,153       8,549         205       5,693         922       1,488       5,919       1,641       8,628       6,705
       2,095       6,993       4,840       1,671       1,266       3,761       2,246       9,586         608       1,579
       2,373       5,413       8,070       5,094       9,144       1,605         590       3,855       3,731         129
       8,752       5,569       9,023       3,932       6,906       5,928       1,171       1,525       3,957       3,834
       2,411         616       8,789       2,866       5,732       2,838       7,173       7,406       4,154         785
       9,804       2,228       1,485       7,009       5,782         750       7,619       8,960       8,942       7,578
       2,327       9,282       8,783       4,955       3,991       9,985       2,767       1,969       1,611       4,251
       4,763       8,400       7,167       8,897       2,708       9,759       2,337       9,748       3,129       5,733
       3,936       1,937       2,420       5,558       4,400       1,096       7,037       6,413       5,215       9,852
         358       1,972       6,032         304       5,884       2,867       1,867       6,120       8,280         817
       8,972       5,833       3,525       8,843       3,099       5,952       7,591       1,869       4,664       5,323
       2,946       9,893       2,895         710       3,134       8,849       3,089       3,551         883       2,053
       8,289       7,875       1,543       8,300       6,092         531       7,348       1,401       6,634       6,936
       7,110       9,132       7,024       5,184       6,222       4,661       8,776       3,490       1,554       9,304
       3,302       5,583       3,878       6,124       3,136         767       8,529       2,231         283       3,044
       3,858       3,729         243       9,855       3,441       3,346         480         164       3,918       2,615
       8,068       1,703       4,451       1,746       4,627       2,916       6,353       2,978       2,161       9,926
       4,206       2,956       8,844       2,151       8,077       1,412       7,695       9,664       6,828       3,597
       3,697       7,095       3,933       1,315       5,127       3,557       1,773       2,687       4,260       8,327
       5,958         320       5,987         113       1,321       9,771       8,470       2,050         565       3,211
       2,961       7,796       8,583       7,961       6,449       6,039       3,034       6,421       5,194       5,352
       6,729       3,003       4,985       6,459       6,568       4,261       9,886         813       8,465       5,705
       2,493       7,238       7,295       1,335       3,315       6,887       7,439       1,245       2,541       5,820
       3,432       7,558       3,381       3,988       3,910       5,687       4,001       8,010       9,860       3,756
       3,497       1,434       8,645       7,423       2,940       5,388       6,564       7,672       8,008       5,563
       2,473         591       5,866       3,921         748       5,192       6,876       7,460       3,948       3,460
       4,674       7,269       5,536       2,363       2,470       5,503       3,423         677       2,475       1,218
       5,515       4,567         466       6,064       6,538       8,620       9,209       3,847       6,414       3,414
       1,178         110       4,310         593       7,520       8,533       2,680       7,751       1,233       3,005
       7,610       9,487       4,855       9,219       9,400       6,076       3,296       8,299       6,950       8,694
       4,178       9,993       6,325       1,761       3,606       3,960         743       1,214       5,387       8,139
       5,750       7,616       8,114       2,761       8,095       4,352       8,889       4,716         713       4,043
       4,032       1,498       5,880       1,648       6,853       9,648       7,927       2,416       3,573       4,532
       8,532       4,183       2,688       9,766       1,683       7,074       5,660         964       7,742       6,060
       5,029       4,743       1,670       2,316         434       1,952       8,981       9,711       3,214       6,804
       4,556       3,799       1,069       7,737       2,612       7,656       8,668       3,208       8,815       2,810
       4,221       3,800       9,444       9,270       6,190       9,672       6,402       7,990       7,585         859
       4,513       5,168       7,444         892       2,296          75         101       9,897       6,109       2,733
       8,363       2,407       7,258       3,307         258       5,744       1,866       6,306       5,759       8,212
       6,270       9,387       2,892       6,614       2,288       7,431       1,880       6,453       5,567       9,191
         313       7,881       3,377       6,191       6,610       6,469       2,034       5,798       1,158       1,152
       7,838       1,269       5,199       3,905       6,410       1,115       4,637       8,739       1,542       7,233
       2,722       5,321       1,235       8,740       8,671       7,189       3,694       9,376       7,182       7,073
       6,653         862       7,885       1,322       8,513         366       3,599       9,475       3,929       8,104
       9,568       3,389       9,226       9,598       9,978       2,999       2,494         168       9,210       4,683
       7,342       9,974       7,613       5,629       7,252       4,314       1,762       6,221       8,858         440
       7,628       1,225       3,333       1,829       4,606       4,303       5,128       6,754       8,687       8,908
       1,622       7,532         656       3,874       6,434       2,533       2,673       4,417       9,352       9,646
       1,160       9,755       6,468       4,938       1,904       3,002       3,067       8,366       7,477       5,327
       7,568       1,375       4,208       1,288       1,987       6,152       7,494       7,093       8,803       5,288
       8,820       7,699       1,181       4,025       2,347       4,132       7,551       1,632       6,420       7,018
       9,230         127       1,033       1,243       3,942       5,662       9,721       5,016         977       9,406
         968       2,027       8,795       8,683       1,110         771       5,792       9,410       9,157       6,898
       8,060       2,192       9,052       6,621       4,662       8,723         983       4,250         985       6,759
         153       8,839       9,037       3,357       6,689       4,543       9,179       4,696       8,924       2,379
       9,537         739       3,329       7,432       8,038       8,705       6,554       8,007       4,117       1,623
       5,657         855       6,685       5,760       5,302       8,409       4,010       5,335       9,970         605
         262       7,160       2,486       7,916       8,177       6,399       1,244       6,153       2,743       8,734
       2,609       8,969       2,945       1,691       6,287         501       7,979       3,624       3,454       7,931
       9,723       2,009       5,481       6,464       8,473       5,032       3,906       9,403       5,714         177
       2,074          10       6,758       7,847         507       9,328       3,475          70       2,432       5,936
       3,229       8,568       5,174       1,568       5,439       1,984         521       7,936       2,788       6,964
       8,131       4,780       2,985       3,827       8,941         146       2,110       9,066       9,102       8,491
       9,953       2,081       1,692       4,742       3,202       8,800       4,227       7,741       8,441       7,834
       2,445       1,618       6,550       3,798       6,984       1,947       5,031       8,611       6,590       9,054
       4,656       8,495       2,387       4,654       5,216       9,865       7,053       1,075       1,461       7,058
       5,259          77       3,077       4,493       7,193       2,624       4,481         705       7,590       9,535

========================================================================
  END OF DATASET: RANDOM (n=10,000) (n=10,000)
========================================================================