========================================================================
  DATASET: DUPLICATES HEAVY (~10% distinct, n=10,000)
  Size (n): 10,000
  Configuration: DUPLICATES HEAVY (~10% distinct, n=10,000)
========================================================================

--- STATISTICS ---
  Minimum value :            0
  Maximum value :          999
  k=1   (min)   :            0   (position 1)
  k=n/2 (median):          491   (position 5,000)
  k=n   (max)   :          999   (position 10,000)

--- PREVIEW (first 20 elements as they appear in the array) ---
      901       25      788      204      216      802      572      487      300      947      837      638      740      833      444      417      309      421      220      790

--- FULL ARRAY ---
         901          25         788         204         216         802         572         487         300         947
         837         638         740         833         444         417         309         421         220         790
         453         900         156         813         550         775         889         516         551         343
         344         894         891          21         563         918         526         125         645         871
         137         459         118         842         409          81         475         833         262         517
         915         296         718         493         382         697         599         633         716         541
         606         352         366         260         296         599         279         786         117         639
         886         394         157         450         763         198         618         676         469         483
         726         308         255         782         402         524         126         695         381         412
          76         429         188         615         863         705         455          32         254         413
          95         600         292         801         461         870         408         576         627         823
         562         329         870         818         631         599         223         860         719         893
         695         189          85         964         860         149         738         484         714         171
         511         225         428         125         229         291          73         964         368          23
         637          34         293          61         161          96         164         322         792         787
         931         953         929         606         334         536         882         876         888         670
          79          86         154         470         607         793         763         468         970         240
         840         557          96         912         999         777         699          14         214         894
         478         588          95         552         174         581         395         143         272         318
         119         539         709         781         682         464         466         168          41          71
         609         219         393         245         239         537         432         373         459         265
         485         429         561         198         198         312         149         290         845         363
         345          67          96         410         664          49         902         315         326         776
         809         147         236         577         814         345         446         208         901         695
         197          38         813         183         563         762         524         355         536         833
         608         411         726         985         306         805         943         347         940         714
         692         784         219         283         826         332         300         862         745         935
          68          46         271         402          58         153         387         324         409         202
         951         132          59         216         125         518         789          24         497         646
         614         850         189         362         402         176         575         864         281         135
         423         449         706         775         516         189         315         554         368         541
         263         522         845          37         154          94         690         381         644         596
         346         972         143         819         134         381         235         112         158         750
         328         560         831         466         878         435         769         738         673         294
         828         412         190         433         942         200         455         932         844         593
         887         842         423         750         399          62         652         382         416           3
         158         864         178         729         745         725         221         940         330         902
         151          21         475         455         936         561         274         572         961         603
         249         569         128         954         781         611         428         836         425         588
         628         362         165           9         139          64         903         583         855         999
         936         473         248         171         134         894         903         999         250         167
         929         329          54         664         668         274         356         392          90         769
         173         319          73         729         435         944         183         276         775         327
         922         835         967         327          10         279         579         253         266          95
         665         768         348         293         716         298         258         204         991         859
         407         306         829         457         413         691         936         900         781         245
         367         177         460         403         314         760         622         148         121         710
         756          31         660         700         449         446         500         347         735         998
         238         581         921         680         744           3         253         229         753          75
         843         677         384          25         366         777         969           6         376         907
         305         242         589         289         809         324         724         117         173         172
         539          28         899         320         606         130         292          93         544         158
         814         829         856         479         742         989         672          28         562         822
         485         576         178         161         753         231          88         640         490         997
         495         810         575         557          43         208         195          33         888         689
         109         107         615         521         670         837         748         693         880         568
         138         875         371         999         364         182         830         237         361         604
         149         354          38         340         834         168         287         677         446         484
         875         571         108         958         403         574         869         623         593         413
          48         465         856         765         722         840         175          71         848         823
         330          72         707         803         430         235         886         755         340         480
         146         901          66         597         762         632         466         250         934         637
         295          70         278         159         894         385         338         500         933         719
         988         841         529         697         876         975         860         469         922         876
         213         839         892         696         896         950         643         760         323         473
         237         974         855         913         298         708         225         982         210         300
         971          36          54         490         165         578         606         298         182         996
         122         244         312         379         733         727         761         467         285         883
         956          55         652         433         313         127         466          42         372         401
         526         851         274         777         892         703         550         861         801         435
         844         771         831         151           4         843         863         341         551         182
         644         450         215         262         996         287         311         173         940         570
          21         205         381         565         850          13         319         433          43          96
         153         261         990         459         215         257         591          18         316         993
         919         369         326         616         681         263         933         879         437         882
         203         193         416         968         783         537          71         863         174         593
         559         620         937         190         646         197         469         932         871         280
         215         694          18         361         567         161         335         464          56         456
          40         405         569         661         167         821         504         105         308         799
          52         412         852          70         977          93         836         412         841         780
          35         762         231         188         667         831         142         522         447         862
         395         679         933         426         597         119         310         649         801         770
         194         531         948         346         827         812         245         935         202         663
         948         131         976         965         624         674         135         454          19         730
         162         125         830         492         141         711         331         531         676         273
         217         596         423         353         282         536          29         489         374         250
         171         604         981         308         805         303         913          76         607         268
          35          52         799         489         865          30         350         410         252         809
           3         275         923         746         670         978         541         918         926         566
         554         764          46         843         514         998         219         110         257         389
         293          37         258         985          40         858         718         335         795         777
         805         921           9         450         287         604         488         170         284         723
         150         288         210         403         966         584         664         673         630         556
         951         137         642         406         902         508         422         720         811         824
         809         486         903         235         963         728         818         462         507         292
         146         375         296          44         351         162          65         316         801         535
         892         351         994           1         669         561         418         883         476         985
         376         611         216         220         122         451         406         838         477         312
         275         459         497         281         613           5          79         780         292         937
         594         193         408          68          36         307         924          51         334         213
         963         443          61         181         265         631         217          98         517         194
         506         102         946         969         531         683         834          80         181         883
         627         156         517         418         917         431         746         709         970          57
         139         785         581         695         930         531          91          69         664         392
         733         683         141         136         828         101         628         180         645         455
         347         918         204         184         553         125         174          56         950         375
         380         400         386          13         957         702         340         476         206         267
         861         783         805         736         936         393         180         729         835         212
         935         416         692         236         910         537         890          84         927         827
          31         124         325         307         294         953         531         519         804         823
         263         850         690          28         581         494         675         255         760         994
         290         907         870         207          13         100         160         158         826         913
         236         107         299         682         653         444         873         406         535         180
         851         724         206         524         985         473         410         796         763         680
         951         895         264         840         195          75         497         112         140         769
         985         157         863         833         413         567         634         316          59          95
         473         452         184         690          25         847         439         664         299         112
         201         935         772         416         308         800         998         354         486         506
         418         684         336         853         592         457         255         717         868         623
         927         592         756         561          99         432         485         782         860         556
         752         880         556          55         996           8         994         128         507         221
         968         790         514         878         215         887         991         267         205         827
         892         467         858         372         455         572         308         268         784         226
         946         969         442         406         793         536         201         386         628         167
         454         154         372         343         103         615         725         682         383           4
         672         166         416         643         169         733         507          15         253         867
         603         990         440         733         665         386         399         897         683         460
         923         515          77         117         738         733         575         239         951         204
         169          67         901          30          19          59          54         983         101         634
         190          22          10         301          65         317         780         249         175         723
         358         941         217         766         818         617         926         346         505         312
         983         885         498         563         798          91         206         577         101         113
         151         876         318         496         166         121         478          79          87         401
         373          80         467         995         588         590         551         894         114         999
         231         760          53         915         294         599         529         605         216         374
          44         198         815         180         755          58         888         783         234         878
         828         109         568         217         925         415         450         532         862         260
         899         282         603         362         299         149         114         115         395         797
         528         253         902         537         634          72          95         387         167         306
         134         928          10         696         693         914          87         468         110         359
         592         177         133          51         810         974         147         342         703         278
         805         926         785         712         804         191         116         990         511         657
         648         658          42         245         949         428         156         318          86         178
         342         554         656         615         369         381         754         968         709         331
         124         600         883         161         133         821          67         221         150         896
         836         594         520         466         140         502         461         339         241         482
         251         901         694         189         157         873          10         880         563         819
          35         919         581         273          38         406         630         635         194         380
         434         401         550         652         774         773         863         191         316         337
         501         878         137          32         620          97         724         724          12          21
         645         642          93         107         171         277         546         848         154         504
         449         854         861         128         496         983           8         994          37         231
         858         298         283         984         476         332         603         183         666         612
         128         570         311         554         547         919         187         541         890         473
         147         377          68         733          11         980         712         289          70         783
         316         598         241         576         564         382         309         398         777          30
         709         208         501          90         863         572         936         302         102         666
         138         427         813         828         149          52         771         456         297         263
         300         661         713         119         730         321         716         283         601         533
          63         959         194         603         486         650         260         345           8         960
         695         719         378         550         562         822         420         792          32         710
         627           8          35         169         635         616         540         595         399         962
         621         569          72         491         863         604         339         945         350         408
         433         937         706         927         139           9         226         220         105         946
         817         498         232         773         929          18         663         436         557         197
          28         368         680         104         731         398         345         529         930         962
          19         264         448         138         626         809         429         890         577         886
          15          31         505         708         121         870         223         166         947         215
         343         578          10         557         155         492         388         695         165         567
         347         711         514         896         245         394         189         412         283         523
          97         296         896         999         709         719         821         616          81         530
         703         876          35         838         371         247         722         554         137         292
         265         518         275         913         618         438         986         620         344         430
         114         191          32         624         560         348         980         432         837         152
         771         399         737         787         202         427         834         732         392         360
         874         552         729         778         604         684         462          13         845         755
         268         238         545         776         686         406         527         668         399         946
         988          34         546         645           2         736           1         906         425         346
         368         362         509         253          69         297         210         896         397         662
         591          83         393         318         745         668         470         275         652         503
         920         366         850         411         423          14         155         171         213         748
         739          70         989         967         264         474         340           2         310         919
         841          22         728         826         337         117         901         766         613         566
         516         884         641         374         947         198         993         493         194         967
         934         140         440         889         184          63         224         754         409         546
         330         178         436         897          30          96         737         776         681         405
         643         901         535         435         833         289         223         342         797         505
         785         611         806         414         366           3         538         442         961         276
         998         519         716         238         627         473         544         472         467         988
         877         498         593         303         403          14         205         727          78         853
         107         732         165         229         458         818         484         376         966         144
         731         489         663         367         707         928         808         264         807          75
         829         714         380         488         880         242         665         870         733         477
         751         400         895         459         215         139          46         919         870         267
         319         467         776         803         524         594         299         841         248         359
         724         713         347         447         251          25         193         432         913         713
         926          38          97         552         813         676         162         972         917         830
         750         932         298         643          53          32         663         819         104         215
         534         677          35         821         908         555         905         623         797         214
         784         654         904         325         303         449         428         952         677           7
         548         577         569         901         585         119         824         940         820         439
         727         360         650         114         857         488         751         201         462         641
         632         420         307          92         596         579         619         424         621         497
         711         379         741         537         246         244          29         863           3         730
         868         530         672          43           8         137         315          84         423          99
         504         230         852         837         887         316         324         850         377         774
         897         478         406          79         906         929         647          13         675         904
         750         880         698         760         664         662         845         829         610         647
          88         834         292         525         113         593         399          98          76         187
         922         295         105         358         707         553         523         189         726         892
         149         661         172         444         984         724         627         535         332         729
         856          55         734         995         355          37         366         585         475         972
         566         200         943         691         180         535          78         569         842         132
         403         677         790         956         824          11         644         873         688         361
         547         107         531         789         273         405         918         206          95         678
         284         218           4         925         387         688         236         479         707         235
         115         100         528         736         705         954         694         658         188         217
          26         966         516         215         675         453         898         898         115         963
         201         880         954         979         955         498         758         502         940         181
         301         444         196          14         727         663         562         154         260         943
           1         560         631         325         585          67         912         224         967         889
         520         636         658         226         107         812         985         354         377         461
         651         380         230         267         637         271         489         964         627          60
         910         621         311         822           4         975         664         562         216         576
         637         877         527         961         709          40         397         967         754         583
         931          92         801         498         131         305         570         396         960          48
          24         343         558         483         414         475         628         820         565         778
         399         127          91         823         301         729         765         190          54         358
          44         487         303         960         935         487          64         477         962          96
         167         358         985         206         403         381         681         655         663         209
         983         380         508         273         729         590         537          18         889         218
         420         105         455         807          97         636         657           7         818         777
          32         733         565         611         731         824         605         385         623         955
         997         183         666         198         578         502         558         847         114         249
         626         560         456         966         978          31         939         500         137         431
          95         917         378         113         355          18         328         800         744         107
          34         782         407         630         984         987         554         157         458         211
         765         366         634         573         748         664         309         144         646         323
         600         407         685         735         581         394          66         507         916         602
         347         731         920         567         430         462         804         888         253         544
         444         398          50         222         801          12         558         645         752         469
         445         708         137         539         467         973         502         948         280          77
         350         481         943         946         823         364         183         500         833         869
         890         713         341         898         934         172         216         916         552          98
         814         656         515         529         961         945         202         877         199         807
         285          76         860         469         222         109         186         408         482         958
         686         854         118         124         153         704         348         630         381         516
         910         370         600          25         168         931         961         754         684          33
          90         406         233           2         229         709         646         324         356         788
         361         792         583         461         451         869         873         915         363         758
         573         536         116         209         525         475         151         585         358          14
         330         546         532         208         416         771         951          13         553         641
         825         892         178         715         120         178         937         488         395         903
         151         172         798          62         402         323          94         125         700         497
         211         554         717         592         868         127         367         555         476         139
          69         997         747         590         585         618         720          16         936         377
         951         717         125         498         412         798         917          61          98         897
         547         851         465         236         284         783         226         108         925         260
         376         137         484           4         755         464         717         549         474         537
         975         713         991         371         682         764         777          61         726          48
         620         813         314         871         348         306         179         451         700         705
         926         957         396          57         246         600         400         377          38         894
         320         307         259         545         941         638         867         183         328         113
         949         937         382         504         573         448         390         735         972         270
         587         244         632         767         163         250         396         119         191         674
         413         492           4          22          55         636         989         127         458         482
           1         677         649         593          23         181         868         294          28         408
         332         638         238         360         425          96         665         561         365         301
         546         685         802         349          75         183         274         405         713         224
           1         367         924         882         521         171         365         107         667         869
         843         788         236         633         326         505         336         818         775         244
         982         212         729         439         434         916         784         862         793         440
         441          34         246         117          53         247         957         101         360         126
         446         318           5         858         495         199         370         892         500         868
         707         820         262         732         549         370         852         137         905         691
         814         829         259         981         298         584         162          23         933         667
         834         483         663         589         590         860         908         497         327         689
          49         823         190         699         246         668         745         613         561         609
         277         152         177          62         514         280         283         746         801         562
         512         763         675         907         676         587         306         243         943         371
          60         759         167           7          53         242         718         566         504         784
         402         154         716         591         693         289         124         531         130         396
         759         346         654         536          48         883         184         945         480         118
         541         345         405         201         120         518         804         208         216         615
         270           1         797         863         484         565         474         552         153         483
         819         361         877         188         763         129         182         844         279         734
         587         993         645         759         353          20         939         305         424         551
         510         793         325         260         451         391         690         671         466         145
         145         289         836         936         480         284         989          20         428         219
          96         748          78          10         177         879         652         456         398         771
         400         700          97         379         356         935         252         343          55         633
         148         394         639         889         996          92         777         397         883         107
         891         761         350         215         660         426         859         550         844         328
          34         187         629         788          72         576          94         518         671         106
         230         636         123         527         362         533         294         437         691         616
         178         705         650         317         629         978         543         111         612         264
         631          72         911         249         572         817         104         480         378         320
         504         589         319         954          42          93         946         815         312         846
         369         435         197         545         361         672         541         193         251         295
         965         215         242         813         662         808          74          10         360         471
         442         876         691         906         255         484         337          54         133         897
          14         379         635          52         998         818         562         467         460           8
         352         703         368         989         539         214          44         531         151         981
          22         180         402         811         410         348         999         816          51         361
          12         819         947         722         202         334          80         543         379         419
          42         116         336         846         295         568         492          60          78         353
         598           7         446         506         396         236         281         694         942         651
         469         426         275          81         353         238         733         690         112         530
         400         971         542         379         459         903         169         368         650         389
         111         860          48         659         662         593         284         808         617         398
         763         342         137         908         576         926         574         143         965         922
         662         115         850         131         368         696         394         725         794         517
         887         606         775         204         430         312         115         918         623         285
         921         784         305         945         132         612         652         357         770         750
         387         565         144         560          76         612         774          26         285         614
         366          89         393         290          91          56         761         684         153         200
         432         870         515         658         866         826         511         318         924         423
         103         179         489         631         862         156          12         801         698         556
         967         917         979         743         719          94         869         198         391         364
         289         368         215         733         723          63         562         842         995         255
         272         860          17         793         889         510         580         608         627         750
         509         773         331         406         898         524          94         264         464         488
         911         219         576          95         893         726         215         691         256         672
         834         290         171          55         763         927         910         595         711         270
         938         755          44         229         825         310         524         729         281         154
         153         581         144         532         656         744         292         706         926         390
         155         787         196          26         565         843         418         523         632          25
         986         309         142         375         600         907         383         811         455         312
         627         690         962          75         883         464         408         614         953         523
         417         212         324         829         724         224          45         966         608         112
         377         873         737         620         638         275         457         421         182          99
         693         908         337         346         514         754         945         684         370          86
         848         709         718         388         864         170         544           0         670         179
         105         446         820         637         349          44         973         600         276         370
         796         418         305         760         469         549         131         804         173         778
         966         701         824          10           8          64         999         799         685         532
         771         794         864         727         601         219         631         869         505         990
         234          20          32         481         890          90         567         433         346         190
         513         179          60         616         810         320         651         376         174         677
         828         586         193         279          78         957         227         320         161         408
         535         222         988         309         160         270         552         472         522         713
         271         232          56         567         358         256         696         275         127         423
         787         309          60         628         343         737         119         931         729         972
         337         612         179         803         782         644         870         913         547         940
         949         990         163         538         818         721         772         904         927         880
         464         995         393         254         277         760         416         118         481         844
         327         261         836         595         367         447         466         550         110          82
         732         586         826         840         220         712         773         604         643         190
         917         185         495         639         298         288         968         331         269         593
         296         872          66         989         518         492         437         580         804         937
         239         455         983         508          94         200         608          41          55         272
         760         161         983         407          51         443         357          30         308          53
         109          65         506         807         603          98         601         269          88         403
         532         665         624         923          17         173         537         915         161         725
         379         127         540         908         392         675         611         540         549         796
         601         624          12         986         557         628         121          35         288         683
         983         348         860         428         652         512         902         502         563         815
         123         210         473         542         497         181         115         966           7         323
         901         239         568         850         576         836         529         712         471          33
         554         890         321         717         906         703         519         188         502         672
         818         824         609         866         917         783         747         167         439         332
         396         593         191         685         222         272           7         240         427         140
         636         892         853         671         339         318         988         956          73         196
         188         256         833          12         700         313         414         777         973         849
         935          99         615         270         141         126          19         708          70         973
         658         363         158         498         138         807         634         414          59         903
         760         163         379         990         384         745         452         506         156         982
           7         404         809         406         563         506         746         519          22         164
         244         601         134          96         402         706         790         898         395         483
         946         217         809         287         723         262         710         840          47         831
         224         237         355         779         678          90         214         125         904         352
         714         902         755         909         843         270          63         719         308         604
         753         923         976         282         785         254         271         392         733         707
         418         892         838         510         850         821         981         199         102         870
         953         366         786         729          42          27         838          97         177         655
         616         936         984         841         623         834         361         950         689         657
         570         678         788         667         768         315         296          16         701         219
         282         920         956         621         981         701         343         975         446         194
         392          32         539         667         607         923         996         802         380         328
         591         728         587         949           5         687         898         815         674         767
         398         433         849         468         669         208         844         197         784         733
         528         995         233         419         369         495         739         851         430         841
          48         394         862         766         977         156         690         739         718         294
         908         719         325         683         457         405         924         642         997         585
          97         174         279         564         791         780         128         762         747         937
         188         826         700         729         467         267         134         921         345         944
         945         581         535         904         801         229          77         889         919         830
         163         950         424         521         387         689         544         571         202         289
         348         171         481         384         243         331         315          33         292         856
         744         122          96         271         804           2         779         590         887         320
         354         881         690         114          11         759         440         250         381         868
         188         973          12         409         891         903         650         237         657         455
         739         979         315         958         467         685         413         996         419         561
         246         622         302         652         319          71          77         462         506         405
         110         329         470         322         394          52         145         452         319         274
         655          63         644         974         378         863         879         264         436          79
         296         892         466         965         113         533          53         734         631         306
         800         397         408         719          55         168         581         921         453         233
         274         407         849         714         449         190         978         417         943         411
         187         800         194         901         273         813         804         343         411         709
         220         153         764         403         147         462         839         455         332         589
         894         411          44         799         346         203          79         167         763         523
         728         956         290         603         874         617          13         643         531         471
         142         422         249         167         737         982         856         135         271         523
         357         113         452          90         443         606         235         953         348         419
         512         501         770         166         612         534         517         949         809         703
         467         840         957         208         969         549         368         378         100         836
         337         543         503         661         555         199         730         151         965           8
         571         929         477         177         390         402          59         752         265         130
         733         151         554         433         218         422         727         396         799          60
         910         707           7         747         498          68         926          12         638         341
         164         741         731         748         981         109         253         932         815         344
         392          59         235         450         348         460         222         460         311         458
         830          68         268         347         412         685         832         686         236         461
         908         308          58         222         303         781          92         790         955         581
         591         428         810         394         967          84         264          42         891         585
         375         921         406         679         402         374         171         385         629         489
         932         868         755          73         940         991         575         883          51         126
         201         175         669         351         350          81         879         703         387         862
         464         284         140         459         319         310         478         406         783         825
           2         592         674         739         818         607         180           0         609         576
         846         621         370         168         774         737         251         858         637          90
         960         908         472          31         122          39         650         394         532         694
         198         871         619         945         636         584         439         899         343         179
         560         239         885         743         443         688         670         313         275         617
         779         278         939         329         328          97         737         114         748         466
         246         177         979         111          76         561         517         269         767         497
         610         263         115         783          63          41         499         980         368         385
         577         678         426         243         661         360         911         618         840         965
         974         133         776         207         589         238         688         150         451         327
         779         357         503         794         307         467         939         270         399         379
          30         151         179         617         325         236          72         707         841         429
         754          10         964         295         574         825          20         959         359         796
         947         800         925         653         794         728         473         486         681         716
         463         556         914         679         336         419         314         663         216         513
         796         132         450         412         841         758         166         576         290         185
         159         253         707         607         336         684         469         528         298          52
         588         654          66         892          33         581         160         104         783         717
         111         882         333         932         145         737         102         777          66         309
         966         864         978          96         494         794         222         204         734         275
         577          95         817         420         377         953         228         301         988         969
         344         876         841         209         604         315         861          87         644         834
         862         112         386         785         216         950         471         927          15         772
         167         954         213         303         130         810         497         517         894         144
         902         977         766         285         102           1         492         154         981         557
         219         749         805         560         507         799         229         833         133          90
          54         703           8         620         732         691         341         272         889         405
         366         575         555         381         512         896         103         636         262         540
         953         598         139         355         839         899         740         593         448           1
         455         352         986         221         707         444         345         784         817         486
         832         112         585         529         818         710         233         778         774         124
         680         289         717         617         347         329         839         784         286         814
         529         958          39         577         681         911         235         966         228         854
         819         129         991         970         349         394          19         235         428         845
         171         591         655         832         340          11         438          55         607         343
         818         133         345          80         382         575         970         392         383         532
         995         109         775         796         425         448         845         129         165         740
         287         352         714         962         673         794         145         747         506         530
         194          37         352         544         755         427         309         608         714         162
         647         338          48         706         631         774         933         131         505         416
         907         154         540          41          93         300         701         645          90         688
         524         149         108         264         760         432         974         925         899         655
         663         781         195         473         293         546          22         128         155         272
         517         322          86         966         932          82         182         625         825         943
         283         545         336         713         433         810         497         310         707         376
         548         486         740         250         917         186         995         393         135         370
         214         477         793         112          61         791         511         428         452         690
         457         690         651         449         499         579         981         219         389           1
         454         380         814         905         307         495         779         164         161          49
         509         523         142         864         938         501         536         702         800         765
         661         236         195         953         445         442         582         569         744         214
         406         195         966         146         688         341         228         538         574         690
         709         181         375         739         521         915         594         855         783         748
         838          79         575         958         110         774         698         906         335         812
         321          60         351         454         264         282         575         935         773         439
           0         374         120           8         892         771         751         419         665         898
          65         650         460         786         393          71         121         167         796         306
         798         111         541         461          54         246         478         358         765         669
         856         592         449           8         216         328         507         127         997         990
         884         574         509         618         914         139         327         139         115         320
         555         499         465         998         700         404         240          72         874         230
         517         607         210         472         927         706         948         322         209         674
         764          62         180         110         768         536         428         112         907         672
         905           5         579          40         350         247          87         618         347         962
         594         857         603         627         290         548         737         336          47         554
         192         850         308         181         379         655         251         805         494         249
         534          61         437         238         798         478         196         744         510         932
         719         887         209         984         431         476         529         790         923         996
         676         899         595         861          45         880         545         706         959         183
         646         623          90         339         842         986          13         552         639         342
         621         503         558         825         250         344         902         239         390         128
         191         496         920         665         776          97         978         492         826         121
           7         253         294         776         508          59          73         494         828         715
          40         219         771         797         904         450         534         463          58         604
         435         679         729         380         452         464         680         638         450         630
         112          48          16         113         447         432         416         677         523         256
         420         874         814         906         647         232         944         989           0         407
         442         142         118         195         925         211         288         309           8          23
         772         988          73         794         249         958          40         170         331         697
         150         579         179         516         875         428         172         563         797         830
         557         131         669         930         840         479         171         967         433         601
         609         528         886          24         820         622         753         764         140         492
         259          21          86         948         473         631         877         974         937         825
         566         521         432         656         932         195         177         998         952         320
         296         374         935         265         156         198         592         835         827         745
         410         891         868         144         302         263         578         713         505         348
         432         206         630         888         727         783         565         378         223         172
         650         430         800         599         116         182         541         184         988         151
         940          90         216         295         880         623         534         642         243         540
         730         711         533         801         466         731         953         688         918           8
         170         663         399         789         919          84         372         907         561         101
         571         562          41         488         686         202         568         430         761         276
          96         303         321         973         891         403         256           5         240         289
         176         689         271         830         138         106         920         123         601         386
         725         205         147         805         552         186         238         431          73         982
         106         856         246          15         496         501         580         705          29         607
         734         686         715         966          17          86         381         237         185          98
         663         183         195          94         106         338         215         506         365         788
         302         969         349         491         215         403         785         716         373         323
         378         599         413         317         369         754          63         262         266         706
         640         495         267         169          22         533         156         316         453         893
         470         944         436         119         268         577          26         506         859         178
         350           4         906         452         495         289         594         380         202         854
         310          20         143         593         621         444         283         787         986         991
         959         700         129         223         193         454         426         557         797         958
          77         178         446         295         914         149         500         745         752         561
         407          77         908         168          57         236         729         778         388          52
          47         121         805         926         699         682         950         445         234         146
         784         274         591         200         816         663         503          71         943         112
         640          16         110         456         587         621         991         942         659         442
         412         965         619         920         564         768         428         469         494         722
         724          86         458         655         267         531         825         903         872         351
         812         331         784         126         543         595         248         403          28         647
         510         988          72         166         516         325         174         377         492          31
         236         596         623          26         537         643         864         219         767          93
         368         885         549         204          74         849         549           6         195         839
         526         924         480         963         999         154         192         353          81         754
         247         633         538         486         373         965         142         353         372         151
         142         807         713          46         260          99         698         908         103          67
         865         318         881         331         937         413         583         935         985         996
         177         602         144         946         444         808         562         187         279         485
         696         853         326         946         362         524         184         155         837          11
         759         624         457         512         794         878         833         670         616         850
         330         196         163         605         959          88         258         191         916         589
         904         682         954         221         320         203         116         650         830         849
         499         866         950         263         445          15         343         149          97         773
          42         215          26         471         132         906         924         797         511         758
          50         550         213         212         149         318         923          64         660         506
         858          58         296         635         310         461         912         160         265         950
         409         162         105         227         633         840          67         525         606         210
         113         142         181         412         686         768         871         237         499         949
         479         486         438         307         412         182         595         114         579         450
         165         606         332         153         230         374         532          51         402         986
         254         593         687         304         651         843         663         433         847         188
         604         161         950         310         708         258         503         720         519         571
         741          29         819         547         840          33          36         113         935         571
         188         746         731         912         826         248           5         949         340         347
         159         153          35         789         244         579         855         176         727         401
         222          77         808         529         647         332         118         732         405         704
          85         916         255         837         447         733          38          71         176         731
         148         449         569         337         495         506         218         264         698         379
          98         829         328         278          68         840         102         332         521         110
          87         331         645         428         580         229         287         777         807         515
         979         349         890         943         251         787         799         672         693         432
         878         647         443         743         895         574         263         219         462         503
         247         348         478         507         322         688         289         823         783         688
         238         365         918         148         733         846         809         946         652         866
         191         994         319         257         326         291         207         432         798         340
         127         897         991         501         720         234         219          42         104         393
          56         345         513         351         994         800         869         135         327         170
         466         660         333         789         227         822         994         673         984         867
         582         171         265         921         843         307         843         267         263         896
         274         565         874         186          25         355         154         100         743         329
         593         902         994         150          92         511         893         964         261         266
         393         844         314         398         432         818          42         913         168         428
         891         540          18          69         261         657         668         282         803          85
         430         335         966         122         912         579         241         874         287         281
         643         243         547         715         924         808         135         982          21         922
         836          86         648         885         295         387         752           4          87         440
         767         942         340          31          75         626         740         354         482         401
         531         978         870         217         130         501         530         391         522          65
         782         749         457          96         731           7         136         139         581         121
         884         579          87         902         697         416         363         233         787         284
         999         428         285         382         935          53         160         239         626         878
         287         608         199         258         566         284         716         686         205          13
         974         371           6         780         513         373          86         101         877         160
         354         768         836         193         388         227          99         625          71          75
         466         636         928         178         253         547         923         990         863         234
         230         542         659         899         819         455         339         945         818         881
         701         678         427         805         668         549         955         365         151         179
         674         511         676         914         936           7         721         966         975         692
         845         189         778         252         411          71         395         231         611         889
         703         822         266         757         422         263         818         728         259         144
         604         614         503         779         631         630         646         887         481         561
         635          29         825         954         958          96         463         587         828         520
         368         250         407         624         939         754         995         361         942         540
         503         187         451         702          20         182           7         680         868         916
         647         819         237         596         148         288         729         872         983         570
          27         882         268         529         810         310         424         544         974          67
         501         700         909         438          87         483         805         431          33         761
         765         475         783         347         618         703         814         380         835         358
         582         594         920         431         385         697          73         530         642         777
         429         742         112         798         872         845         828          65         648         759
         178         714         562         796         587         605         844         852         303         116
         950         195         819         511         873         658         912          72         658         674
         251         511          29         919         148         400         170         586          29         302
         508         323          47         539         971         983         386          33         751         124
         618          45         343         790         541         500         680          49         700         210
         890         364         933         349         793         984         973         348         529         499
         513         492         919          92          20         212         720         173         800         970
         953         308         458         292         631          49         247         780         152         842
         602         644           3         226         645         698         191         272         237         651
         999         819         397         961         997         866         294         529         454         920
         799         224         991         148         601         970         270         406         219         322
         492         331         849         437         447         531         531         188         972         806
         707         257         777         216         155         381         688         527         698         657
         306         759         694         697         638          30         416         843         352         713
         700         536         919         213         469         286         825         938         181         318
         811         146         376         639         106         906         611         107         291         483
         873         517          37         369         638         234         139         129         945         611
         813         104         420         505         682          75         489         813         333          54
         191         615         532         962         803         377         882         443         841         137
         920         298         202         226         708         345         984         778          48          90
         824         278         922         503          36         939         956         708         175         678
         588         564         137         462         890         797         996          74         149         297
         613         982          97         304         567         431         225         965         502         353
         680         227         251         462         368         472         333         291         298         195
         485         141          55         906         266          26         690         151         640         956
         778         196         322         859         880         449          90         593         247         168
         751         177          89         345         778         504         243         697         505         413
         251         164         786         488         384         168         389         577         426         183
         910         851         134         212         108         394          26         695         874         841
         229         193         607         691         175         668         641         921         701          16
         121         219         896         624         310         758         332         878         754         486
         425         527         516         765         958         476         332         496         829         387
          95          67         845         324         540         897         558         857          47         281
         880         534         600         371         725         946         881         343         386         333
         639         999         856         176         984         539         987         637         599         825
         999         645         721         721         847         934         368         621         604         676
         270         962         156         530         172         758         677         220         861         258
         773         716         178         941         175         478         224         648         610         663
         605         721         107         702         242         637           9         145         356         140
         152          74         642         681         221         815         747         833         863         430
          43         910          83         258          85         865         659         735         712         704
         552          22         690          66         631         984         853         445         445         109
         915         397         722         570         793         581         314         952         385          76
         644         118         316         745         965         523         422         569         868         409
         178         464         988          75         503         344         629         872         562         650
         869         124         931         388         341         199         643         634         105         447
         268         685         211         471         978         208         759         573         985         127
         296         350         514         197         972         126         317          60         869         509
         718         363         505         459          62         428         980         193         778         572
         900          27         410         641         412         433         242         637         227         903
         713         152         515         488         523         880         794          61         188         975
         872         608         650         324         634         268         901         547         160         772
         457         244         312         746         251          58         502         178         992         344
         667         354           4         306          88         939          77         185         249         474
         295         298         330         501         824         230         940         344         573         152
         525         256         350         670         190         913         652          44         834         217
         889         678         388         938         251         502         762         637         293         137
         634         462         361         168         483         731         191         267           5         478
         729         712         414         534         148         894         618         821          28         947
         430         681         391         839         855         428         101         229         600         502
         551         777         366         570         401         192         614         234         293         662
         471         225         285         352          24         979          78         102         834         217
         158          46         475          55         792         958         943         118         744          24
         299          87         855         789          91         880         166         691         183         367
         516         183         960         196          90         417         300         583         325         875
         552         458         200         928         527         161         225         764         435         521
         752         825         330         483         872         554         457         492         173         914
         630         444         838         282         441         313         917         865         284         696
         712         912         462         679         923         336         240          64         847         530
         599         820          72          33         641         796         617         331         446         680
         528         582         827         301         218         649          63         963         775         188
         210         521         549          73         264         107         102         518         365         426
         238         215         366         240         348          15         820         918         178         664
         307         301         315         768         579         631         630         839         586         956
         529         897         773         712          68         364          21           7         424         936
         927         177          57          29         870         325         382         897         718         364
         638         240         897         545         511         232         177         890         612         389
         677         984         225         734         982         711         139          41         383         816
         851         694         194         517         655         932         976          28         524         198
          53         167         186         578          22         695         138         399         788         750
         457         802         929         917         656         141         418         385         620         696
         446          30         903         732         531         926         318          32         271         680
         262         715         314         513         996         334         592         180         533          47
         859         498         419          96         607         194         909         502         301         496
         650         312           8          56         697         118           3         525         412         250
         551          32         906         968         855         647         325         445         219         726
         366         248         401         720         550         406         350         900         414          91
         531         873         133         284          99          66          53         423         220         334
         371         804         276         273         217         408         689         815          10         706
          34          46         232         326         987         455          43         831         907         813
         780         824         466         237         402         613         294         430         291         610
         366         656         430         969         978         819         644         874         271         710
         359         909         944         614         311         264         411          87          78         576
         886         962         254         309          95         958         427         244         334         575
         847         996         634         326         934         456         970         515         379         768
         729         291         310          80         910         758         485         934         408         797
         398         930         417         651         478         705         883         800         592         688
         473          38         889         759         390         539         105         858         680         644
         368         862          52         941         320         373         893         558         330         494
         383         814         652         940         448          19         514         225         276         896
         222          99         233         177         457         392         488         353          59         127
         105         668         438         704          42         568         159         346         962         914
         133         464         929         805         248         983         212         630         922         321
         265         949         576         659         155         229         326         601         838          25
         774         889         464         397         690           6           0         146         597         254
         843         340         987         459         243          89         310         770         328         257
         680         184         136         236         366         948          74          44         386         915
         752         796         262         483         104         949         732         974         197         979
         993         374          85         396         174         872         920         212         187         302
         350         440         568         219         357         920         618         113         419         178
         751           2         509         406         633         553         293         135         906         305
         960         938         147         535         448          19         175         814         994         457
          29         697         201         359         173         301         537         232         728         747
         168         884         404         156         587         608         355         911         158         632
         213         815         195         344         480         210         657         424         736         732
         815         485         422         569         980          73         846         447         858         231
         919         419         612         558         419         855         231         573         700         824
         363          12         459         222         154         978         121         313         349         537
         249          78         408         774         897         475         765         273         381         143
          52         500         916         394         545          23          89          65         959         526
         600         758         270         475         674         246         529         423         814         280
         380         100         361         191         925         624         949          74         654         275
         203         108         840         151         363         331         572         218         364         265
         811         370         322         723         757         244         360         675         516         146
         294         903         477          81          78         664         336         149         263         115
         916         839         488         836         118         427         164         573         988         139
         303         613         237         200           9         835         337         111         673         526
         330         650         240         934          44         725         270         688           8         266
         918         624          18         605         235         513         763         544         325         783
         677         112         153         133         478         982         865         250         877         896
         255         357          13         693         290         383         295         471         575         945
         293         755         161         415          86         248         535         514         662         573
         966         431         675         997         401         166         114         984         891          39
         583         195         816         312         430         610         584         492         928          97
         332         886         359         992         100         767         719         716         874          69
         783         490         873         885         646         561         768         977         346          20
         851         216         989         838         140         231         668          68          44         712
         155           6         476         547         358         117         375         894         940           2
         114         114         568         813         237         722         176         744         271         881
         369           6         329         584         886         251          21         327         124         831
         711         560         730          34         130         697         841         324         926         370
          65         768          41         199         350         899         577         575         681         544
         145         137         971         138         296         360         448         348          14         300
         157         980         551         607         979         125         389         451         843         613
         883         993         995         781         661         125         920         470         238         676
         795          71         559         221         342         497         645         115         639         444
         962         357         924         918         694         631         728         516         456         728
          25         131         723         377         857         260         980         454         846         184
         359         716         262         555         938         581         696         589         314         938
         379         425         414         425         832         476         303         675         910         263
         774         336         745         828         202         216         425         319          13         410
         982         252         675          53         727         159         982         985         643         610
         303         496         157         557         906         419         706          87         278         681
         967         178         769         134         730         116         371         637         992         107
         715         772         246         398         125         336         516          60          22         776
         294          21         342         337         904         396          93          30         814         502
          41         904          68         483         899         336         826         120         485         879
         274          75          28         915         683         681         484         838         611          81
         543         245         904         591         969         514         929         516         764         832
         686          27         790         523         825         303         141         491         329         970
         588         660         186         344         270         618         483         176         794         849
         682         431         457         869         407         973          85         697         842         258
         580         373         197         749         347         709         388         407         465           0
         848          35         326         708         490         792         340         884         658         347
         594         686         614         525         137         205         378         812         677         400
         542         622         683          20         275         253         854         465         170         434
         394         670         268         275         146         763         644         974         857         757
         239         188         631         550         788         571         655         981         718         108
         760         618         694         833         769         832         627         421         814         929
         360         337         945         805          30         839         870         763         155         932
          42         161         489         494         556         131         802         845         234         368
         733         794         734         553           2         816         883         661         392         123
         326         214         116          15         589         856         146         585         336          52
         644         910         945          81         553          94         608           0         533         789
         495         469         275         862         370         267         489         496         143         928
          62          67         887         258         129          84          26         194         865         330
         159         991         154         653         159         985         230         194         895         323
         813         112          43         100         259         168         745         626         480         646
         553         378         621         990         547         815         310         813         785         389
         174         474         506         837         428         967         292         592         265         587
         970         698         844         570         746         707         187         640         891         694
         858         505          70         294         375         690         750         941         989         168
         442          48         741          37         161         885         866         646         134         830
         517         746         896         786         432         431         519          85         811         668
         124         715         826         575         350         691         155         439          95         601
         574         987         832         866         596         206         998         736          90         485
         270         795         235         114         834          72         980         682         139         457
         145          32         549         871         574         850         671          74         630         335
         127         252         646         119         251         432         244          93         875         116
         373         292         191         602          94         981           9         779         798         128
         850         820         995         624         797         596         281         618         578         310
         663         567         274         732         125          15         443         164         342         218
         819         923         284         833         892         818         691         856          21         112
         624         919         984          39         341         421         305         468         779         808
         795          57         380         899         937         502         756         831         100         891
         449         995         271         308         469         229         919          22         789         649
         272         646         840         945         367         948         299         859         225         869
         929         346         798         610         964         767         532         883         465         734
         218         615         995         569         410         139          11         676         726         147
         137         371         877         226          48         116           5         821         785         450
         710          84         686         983         188         924         887         999         516         241
         680         605         394         284         653         753         611         724         459         755
         379         606         938         619         289         936         394         467         722         257
         837         310          21         377         647         700         198         646         907         191
         967         215         156         711         164         618         711         336         168         102
         557         236         686         295         103         312          32         599         372         186
         134         567         388         215         392         206         949         302         357         650
         163         532          12         763         166         216         629         730         565         312
         840         625         716         862         878         158         303         177         968         983
         203         228         612         799         220         839         238         211          58         142
         473         642         557          11         692         486         341         840         376         672
         592         944         432         960         334         287         792         478         718         387
         762         770         428         762         251         700          41         248         332         474
         597         664         561         719         887         169         567         965         832         175
         848         619         626          36         650         449         251         930         387         899
          21         441         293         107         200         344         851          21         476         825
         594         137         956         624         115         633         703         264         398         789
         773         112         677         687         494         109         944         886         778          72
         234         387         308          57         640         521         270         569         449          92
         333         158         723          63         730         128         103         702         193         164
         317         553         138         663         157         868         362         987         633         578
         955         290          61         577         469         953         531         988           4         414
         703         192         320         688         819         649         223         675         895         952
         209         449         678         187         933         788         599         425         490           1
         139         280         254         759         696         299         809         284         295         330
         915         359         227         125         858         677         906         566         230         195
         588           5         888         581          99         167         562         301         674         667
         268         493         618           7         721         849         290         929         548         194
         184         159         551         566         705          81         408         769         149         818
         708         915         416         459         873         105         940         904         782         657
         454         207         860          46         435         367         128         524         729         906
         444          29         213         651         344         219         271         220         254         154
         901         738         183         141         560         784          67         865         473         975
         451         495         886         953          48         900         133         606         959         854
         674         144         955         943         258         775          89         889         860         189
         343         379         221         588         503         744         823         343         113          94
         535         830         789         322          97          73         478         189         752          19
         204         243         515         844         951         197         762         832         455         589
         673         674         195         346         192         206         845         915          85         468
          17         960         978         968         584         553         824         548          67         933
         866         430         994         451         125         678         878         603         355         749
         218         949         373           4          69         228         565         460         573         284
         920         494         784         442         270         332         204         958         572          60
          29         930         168         172         190         255         626         410         179          76
         830         779         892          47         853         618         872         687         131          84
         195         143         289         193          19         263         672         892         883         630
         183         778         798         140         662         952         993         297         720         569
         988         927         225         244         487         265         662         572         169         648
         853         343         628         863         804         849         783         268         367         794
         642         285         985          51         705         854         132         590         890         123
         316          65          30         820         601         262         781         456         926         101
         789         346         562         643         512         994          27         116         673         336
         544         500         688         283          11         888         110         430         727         434
         554         159         856         539         148         399         143         478         204         548
         999         592         400         818         533         691         558          12         642         925
         311         922         448         647         304         991          74         987         477          71
         943         246         887         248         310         515         419         846         202         828
         835         286         708         787         270         410         119         191         628         694
         186         203         911         192         343         646         879         906         501         800
         823          52         112         380         683         579         323         916         573           3
         313         815         980         424         152         987         463         914         169         840
         661         271         116         924         819         511         936         107         133         303
         813         394         817          20         865         840         637         735         997         779
         334         598         830         153         537         143         689         447         441         785
         197         844         706         118         753         383         389         499         628         555
          75         137         820         909         588         856         871         141         803         499
         452         906         315          47         281         748         260         842         876         462
         457         125         333         719          98          36         504          32         459         981
         866         220          80         693           2         232         174          24         362         226
         392         193          80         532         396         606         643         678         362         190
         279         241         605         341         520         745         661          55         657         782
         829          61         209         218         392          83         228          98         622         734
         138         310         817         660          17          56         490         746         547         299
         632          79          25         609         670         733          30         228         641         522
         411         171         375         779         786         332          50         993         701         149
         204         582         853         839         583         619         629         427         245         741
         988         702         779         541         129          43         532         536         758         811
         565         753         345         712         936         227         866          49         243         547
         308          17         129         452         548          91         776         336         698         229
         307         430         446         833         700         492         301         933         929          28
          90         685         495         245         702         942         948         915         391         458
         789         505          13         241         625         811         375         865         636         938
           9         523         704          24         694         221         857         587         280          90
         698         386         852         958          71          42         363         954         626         404
         614         905         480         775          22         193         795         418         617         926
         316         910         479         420         995         776         421          86         425         441
         296         127          18         449         521         826         421         680         344         304
         125         336         139         571         635         203         485         481          53         956
         610          31         556         135         359         919         542         569         797         983
         498         532         202          20         966         790         644         147         573         790
         702         781         259         234         174         210         344         664         466         514
         455         719         676         383          96         956         508         744         484         836
         900         326         407         503         659         980         382         161         328         134
         958         763         635          24         145         421         371          55         157         888
         985         518         338         929         284         739         400         367         578         500
         262         406         263         237         210         106           0         304         474         542
          58         756         359         367         288         476         675         305         585         285
         714          66         628         871         181          88         222         672           2         874
         310         162         567         604         444         627         312         552         882         592
         937         174         838         418         857         879         999         707         444         626
         968         674         738         877         183         525         612         328         613         346
         136         769         978          39         556         371         841         378         876         628
         859         694         465         313         754         767         255         367         104         867
         162          42         306         781         343         671         330         816         283         386
         223         455         674         829         823         519         946         410         458         847
         447         754         511          61         372          69         456         294         412         722
         945         503         498         622         770         551          30         862         492         463
         926         336         180         560          64          37         369         771         328          67
         920         404         891         785         445         311         771         324         417         112
         900          47         171         132         542         714           7         607         197         128
         446         286         310         941         682         531         593         535         417         166
         291         805         952         435         111         395         390         532         299         318
         938         468         595         888         885         287         723         365         312         737
          40         721         866         815         493          51         455         582         354         701
         614         427         327         442         234         965         352         362         540         746
          99         660         358         880         979         340          61         632         165         563
         743         320         236         431          71         706         237         227         392         123
         400         439         983         439         663         579         149         899         181          25
          71         866         460         179         380         878         292         735         689         203
         449         882         704          26         270         137         756         743         897         633
         665         990         326         692         589         246         502          97         338         570
         617         999         857         121         140         371          32         361         443          29
         748         225          50         727         827         928          55         720         400         285
         134         343         426          86         558         548         103         304         496         353
         908           3         634         195         525          85         568         168         759         401
         178         987         337         131         519          14         188         602         985         593
         798         405         687         309         974         110         298         327         198         459
         507         654         492         165         336         623         521         498         913         371
         939         820         561         682         516         398         742         392         385         151
         316         130         431          56          27         906         511         335         109         922
         550         435         634         830         721         360         282         839          80         336
         567         886         576         188         717         263         329         269         665         129
         542         588         546         590         403          85         758         804         887         901
         912         233         240         628         408         921         717         475          49         360
          83         741         797         186         165         817         451         988         241          48
         454         457         647         830          55          94         386         204         183          94
         433         236         426         262          16         726           9         536         482          47
         544         338         468         888         257         517         944         659         784         744
         766         336         783         829         920         344         948          11         278         852
         450         603         103         561         364         827          40         285         482         730
          57         109          31         330         640         667         197         208         773         887
         243         171         455         585         198         834         990         174         958         398
         405         157         817         177         271         422         105         167         153         325
         780         310         535         694         885         124         981          26         437         200
         924          70         330         981         704         441         559         518         931         945
         694         442         707         302         807         104         663         738         343         764
          57         929         748         598         776         956         327          63         446          78
         769         200         563         446         407         315         390         447         345           9
         880         495         888         893          78         741         599           8          18         126
         392          47         190         548         727         999         176         733         149         178
         367         229         729         345         140         474         529         327         241         819
         874         141         130         228         495         643         567         117         657         728
           2           8         897          19         808         676         437         333         530         488
         730         122         835         604         890         971         217         742         655         521
         234         966          51         334         533         768         310          22         145          88
         521         577         733         576          80         416         587         567         154         549
         558          14         833         886         777         780         202         216         157          56
         166          14         644         303         846         289         440         931         978         768
         280         766          36         739         322         965         388          74         177         157
         457         377         570         681         315         818         631         117         503         606
         753          88         213         907         945         758         605         255         970         300
         510         615          12         501         431         338         223         496         720         568
         221         439         752          40         767         146         417           7         527         641
         479         898         939         467         805         329          89          93         442         681
         402         865         394         315         979         327         267         827         383         188
         883         935         376         855         284          67         623         343         130         595
         896         239         986         811          75         692          42         109         922          35
         521         819         831         127         262         731          97         551         450         976
         830         969         173         406         192         190         559         347         883          91
         551         389         281          65         397         320         476         698           2         153
         512         392         897         889         697         553         309         530         949         275
         621          40         745         105         940         651         370          20         214         482
         171         841         139         151          49           5         429         377         529         724
         305         898         739         293          76         138         470         686         446           6
         426         160         341         599          88         699         867         261         113         595
         462         894         650          64         655         383         680         812         551         304
         334         301         407         314         215         716         255         863         622         501
         277         507         295         139         969          27         155         497         721          41
         906          50         319         196         816         907         939         173         753         178
         364         991         236         493         571         343         584         849          88         860
         712         708          89         354         663         165         264         723         665         132
         151         241         553          64         375         589         195         162         478         542
         732         282         927         315         501         452         711         701          95         866
         636          41         549         399         409           2          89         586         570         314
         641         109         446         594         756         877         586         931         858         298
         442         298         563         914         213         741         639         398         943         975
         998         430         275         495         260         550         926         113         339         251
          95         766         358         575          14         430         206         628          49         460
         706           9         574         916         764         703         364          17         638         708
         810         911         423          20         103         827         553         214         716          24
         261         949         198         935         742         261         583         230         448         274
         457         214         897         817         725         783         257         702         885         531
         229         128         422         163         175         259         376         989         497         800
          98         476         418         728         267         622         554         675         184         856
         149         273         731         764         197         947         485         265         855         151
         759         322         367          54         784         463         955         885         759         748
          56         244         523         984         122         798         667         272           8         829

========================================================================
  END OF DATASET: DUPLICATES HEAVY (~10% distinct, n=10,000) (n=10,000)
========================================================================