========================================================================
  DATASET: REVERSE SORTED (n=10,000)
  Size (n): 10,000
  Configuration: REVERSE SORTED (n=10,000)
========================================================================

--- STATISTICS ---
  Minimum value :            0
  Maximum value :        9,999
  k=1   (min)   :            0   (position 1)
  k=n/2 (median):        4,999   (position 5,000)
  k=n   (max)   :        9,999   (position 10,000)

--- PREVIEW (first 20 elements as they appear in the array) ---
    9,999    9,998    9,997    9,996    9,995    9,994    9,993    9,992    9,991    9,990    9,989    9,988    9,987    9,986    9,985    9,984    9,983    9,982    9,981    9,980

--- FULL ARRAY ---
       9,999       9,998       9,997       9,996       9,995       9,994       9,993       9,992       9,991       9,990
       9,989       9,988       9,987       9,986       9,985       9,984       9,983       9,982       9,981       9,980
       9,979       9,978       9,977       9,976       9,975       9,974       9,973       9,972       9,971       9,970
       9,969       9,968       9,967       9,966       9,965       9,964       9,963       9,962       9,961       9,960
       9,959       9,958       9,957       9,956       9,955       9,954       9,953       9,952       9,951       9,950
       9,949       9,948       9,947       9,946       9,945       9,944       9,943       9,942       9,941       9,940
       9,939       9,938       9,937       9,936       9,935       9,934       9,933       9,932       9,931       9,930
       9,929       9,928       9,927       9,926       9,925       9,924       9,923       9,922       9,921       9,920
       9,919       9,918       9,917       9,916       9,915       9,914       9,913       9,912       9,911       9,910
       9,909       9,908       9,907       9,906       9,905       9,904       9,903       9,902       9,901       9,900
       9,899       9,898       9,897       9,896       9,895       9,894       9,893       9,892       9,891       9,890
       9,889       9,888       9,887       9,886       9,885       9,884       9,883       9,882       9,881       9,880
       9,879       9,878       9,877       9,876       9,875       9,874       9,873       9,872       9,871       9,870
       9,869       9,868       9,867       9,866       9,865       9,864       9,863       9,862       9,861       9,860
       9,859       9,858       9,857       9,856       9,855       9,854       9,853       9,852       9,851       9,850
       9,849       9,848       9,847       9,846       9,845       9,844       9,843       9,842       9,841       9,840
       9,839       9,838       9,837       9,836       9,835       9,834       9,833       9,832       9,831       9,830
       9,829       9,828       9,827       9,826       9,825       9,824       9,823       9,822       9,821       9,820
       9,819       9,818       9,817       9,816       9,815       9,814       9,813       9,812       9,811       9,810
       9,809       9,808       9,807       9,806       9,805       9,804       9,803       9,802       9,801       9,800
       9,799       9,798       9,797       9,796       9,795       9,794       9,793       9,792       9,791       9,790
       9,789       9,788       9,787       9,786       9,785       9,784       9,783       9,782       9,781       9,780
       9,779       9,778       9,777       9,776       9,775       9,774       9,773       9,772       9,771       9,770
       9,769       9,768       9,767       9,766       9,765       9,764       9,763       9,762       9,761       9,760
       9,759       9,758       9,757       9,756       9,755       9,754       9,753       9,752       9,751       9,750
       9,749       9,748       9,747       9,746       9,745       9,744       9,743       9,742       9,741       9,740
       9,739       9,738       9,737       9,736       9,735       9,734       9,733       9,732       9,731       9,730
       9,729       9,728       9,727       9,726       9,725       9,724       9,723       9,722       9,721       9,720
       9,719       9,718       9,717       9,716       9,715       9,714       9,713       9,712       9,711       9,710
       9,709       9,708       9,707       9,706       9,705       9,704       9,703       9,702       9,701       9,700
       9,699       9,698       9,697       9,696       9,695       9,694       9,693       9,692       9,691       9,690
       9,689       9,688       9,687       9,686       9,685       9,684       9,683       9,682       9,681       9,680
       9,679       9,678       9,677       9,676       9,675       9,674       9,673       9,672       9,671       9,670
       9,669       9,668       9,667       9,666       9,665       9,664       9,663       9,662       9,661       9,660
       9,659       9,658       9,657       9,656       9,655       9,654       9,653       9,652       9,651       9,650
       9,649       9,648       9,647       9,646       9,645       9,644       9,643       9,642       9,641       9,640
       9,639       9,638       9,637       9,636       9,635       9,634       9,633       9,632       9,631       9,630
       9,629       9,628       9,627       9,626       9,625       9,624       9,623       9,622       9,621       9,620
       9,619       9,618       9,617       9,616       9,615       9,614       9,613       9,612       9,611       9,610
       9,609       9,608       9,607       9,606       9,605       9,604       9,603       9,602       9,601       9,600
       9,599       9,598       9,597       9,596       9,595       9,594       9,593       9,592       9,591       9,590
       9,589       9,588       9,587       9,586       9,585       9,584       9,583       9,582       9,581       9,580
       9,579       9,578       9,577       9,576       9,575       9,574       9,573       9,572       9,571       9,570
       9,569       9,568       9,567       9,566       9,565       9,564       9,563       9,562       9,561       9,560
       9,559       9,558       9,557       9,556       9,555       9,554       9,553       9,552       9,551       9,550
       9,549       9,548       9,547       9,546       9,545       9,544       9,543       9,542       9,541       9,540
       9,539       9,538       9,537       9,536       9,535       9,534       9,533       9,532       9,531       9,530
       9,529       9,528       9,527       9,526       9,525       9,524       9,523       9,522       9,521       9,520
       9,519       9,518       9,517       9,516       9,515       9,514       9,513       9,512       9,511       9,510
       9,509       9,508       9,507       9,506       9,505       9,504       9,503       9,502       9,501       9,500
       9,499       9,498       9,497       9,496       9,495       9,494       9,493       9,492       9,491       9,490
       9,489       9,488       9,487       9,486       9,485       9,484       9,483       9,482       9,481       9,480
       9,479       9,478       9,477       9,476       9,475       9,474       9,473       9,472       9,471       9,470
       9,469       9,468       9,467       9,466       9,465       9,464       9,463       9,462       9,461       9,460
       9,459       9,458       9,457       9,456       9,455       9,454       9,453       9,452       9,451       9,450
       9,449       9,448       9,447       9,446       9,445       9,444       9,443       9,442       9,441       9,440
       9,439       9,438       9,437       9,436       9,435       9,434       9,433       9,432       9,431       9,430
       9,429       9,428       9,427       9,426       9,425       9,424       9,423       9,422       9,421       9,420
       9,419       9,418       9,417       9,416       9,415       9,414       9,413       9,412       9,411       9,410
       9,409       9,408       9,407       9,406       9,405       9,404       9,403       9,402       9,401       9,400
       9,399       9,398       9,397       9,396       9,395       9,394       9,393       9,392       9,391       9,390
       9,389       9,388       9,387       9,386       9,385       9,384       9,383       9,382       9,381       9,380
       9,379       9,378       9,377       9,376       9,375       9,374       9,373       9,372       9,371       9,370
       9,369       9,368       9,367       9,366       9,365       9,364       9,363       9,362       9,361       9,360
       9,359       9,358       9,357       9,356       9,355       9,354       9,353       9,352       9,351       9,350
       9,349       9,348       9,347       9,346       9,345       9,344       9,343       9,342       9,341       9,340
       9,339       9,338       9,337       9,336       9,335       9,334       9,333       9,332       9,331       9,330
       9,329       9,328       9,327       9,326       9,325       9,324       9,323       9,322       9,321       9,320
       9,319       9,318       9,317       9,316       9,315       9,314       9,313       9,312       9,311       9,310
       9,309       9,308       9,307       9,306       9,305       9,304       9,303       9,302       9,301       9,300
       9,299       9,298       9,297       9,296       9,295       9,294       9,293       9,292       9,291       9,290
       9,289       9,288       9,287       9,286       9,285       9,284       9,283       9,282       9,281       9,280
       9,279       9,278       9,277       9,276       9,275       9,274       9,273       9,272       9,271       9,270
       9,269       9,268       9,267       9,266       9,265       9,264       9,263       9,262       9,261       9,260
       9,259       9,258       9,257       9,256       9,255       9,254       9,253       9,252       9,251       9,250
       9,249       9,248       9,247       9,246       9,245       9,244       9,243       9,242       9,241       9,240
       9,239       9,238       9,237       9,236       9,235       9,234       9,233       9,232       9,231       9,230
       9,229       9,228       9,227       9,226       9,225       9,224       9,223       9,222       9,221       9,220
       9,219       9,218       9,217       9,216       9,215       9,214       9,213       9,212       9,211       9,210
       9,209       9,208       9,207       9,206       9,205       9,204       9,203       9,202       9,201       9,200
       9,199       9,198       9,197       9,196       9,195       9,194       9,193       9,192       9,191       9,190
       9,189       9,188       9,187       9,186       9,185       9,184       9,183       9,182       9,181       9,180
       9,179       9,178       9,177       9,176       9,175       9,174       9,173       9,172       9,171       9,170
       9,169       9,168       9,167       9,166       9,165       9,164       9,163       9,162       9,161       9,160
       9,159       9,158       9,157       9,156       9,155       9,154       9,153       9,152       9,151       9,150
       9,149       9,148       9,147       9,146       9,145       9,144       9,143       9,142       9,141       9,140
       9,139       9,138       9,137       9,136       9,135       9,134       9,133       9,132       9,131       9,130
       9,129       9,128       9,127       9,126       9,125       9,124       9,123       9,122       9,121       9,120
       9,119       9,118       9,117       9,116       9,115       9,114       9,113       9,112       9,111       9,110
       9,109       9,108       9,107       9,106       9,105       9,104       9,103       9,102       9,101       9,100
       9,099       9,098       9,097       9,096       9,095       9,094       9,093       9,092       9,091       9,090
       9,089       9,088       9,087       9,086       9,085       9,084       9,083       9,082       9,081       9,080
       9,079       9,078       9,077       9,076       9,075       9,074       9,073       9,072       9,071       9,070
       9,069       9,068       9,067       9,066       9,065       9,064       9,063       9,062       9,061       9,060
       9,059       9,058       9,057       9,056       9,055       9,054       9,053       9,052       9,051       9,050
       9,049       9,048       9,047       9,046       9,045       9,044       9,043       9,042       9,041       9,040
       9,039       9,038       9,037       9,036       9,035       9,034       9,033       9,032       9,031       9,030
       9,029       9,028       9,027       9,026       9,025       9,024       9,023       9,022       9,021       9,020
       9,019       9,018       9,017       9,016       9,015       9,014       9,013       9,012       9,011       9,010
       9,009       9,008       9,007       9,006       9,005       9,004       9,003       9,002       9,001       9,000
       8,999       8,998       8,997       8,996       8,995       8,994       8,993       8,992       8,991       8,990
       8,989       8,988       8,987       8,986       8,985       8,984       8,983       8,982       8,981       8,980
       8,979       8,978       8,977       8,976       8,975       8,974       8,973       8,972       8,971       8,970
       8,969       8,968       8,967       8,966       8,965       8,964       8,963       8,962       8,961       8,960
       8,959       8,958       8,957       8,956       8,955       8,954       8,953       8,952       8,951       8,950
       8,949       8,948       8,947       8,946       8,945       8,944       8,943       8,942       8,941       8,940
       8,939       8,938       8,937       8,936       8,935       8,934       8,933       8,932       8,931       8,930
       8,929       8,928       8,927       8,926       8,925       8,924       8,923       8,922       8,921       8,920
       8,919       8,918       8,917       8,916       8,915       8,914       8,913       8,912       8,911       8,910
       8,909       8,908       8,907       8,906       8,905       8,904       8,903       8,902       8,901       8,900
       8,899       8,898       8,897       8,896       8,895       8,894       8,893       8,892       8,891       8,890
       8,889       8,888       8,887       8,886       8,885       8,884       8,883       8,882       8,881       8,880
       8,879       8,878       8,877       8,876       8,875       8,874       8,873       8,872       8,871       8,870
       8,869       8,868       8,867       8,866       8,865       8,864       8,863       8,862       8,861       8,860
       8,859       8,858       8,857       8,856       8,855       8,854       8,853       8,852       8,851       8,850
       8,849       8,848       8,847       8,846       8,845       8,844       8,843       8,842       8,841       8,840
       8,839       8,838       8,837       8,836       8,835       8,834       8,833       8,832       8,831       8,830
       8,829       8,828       8,827       8,826       8,825       8,824       8,823       8,822       8,821       8,820
       8,819       8,818       8,817       8,816       8,815       8,814       8,813       8,812       8,811       8,810
       8,809       8,808       8,807       8,806       8,805       8,804       8,803       8,802       8,801       8,800
       8,799       8,798       8,797       8,796       8,795       8,794       8,793       8,792       8,791       8,790
       8,789       8,788       8,787       8,786       8,785       8,784       8,783       8,782       8,781       8,780
       8,779       8,778       8,777       8,776       8,775       8,774       8,773       8,772       8,771       8,770
       8,769       8,768       8,767       8,766       8,765       8,764       8,763       8,762       8,761       8,760
       8,759       8,758       8,757       8,756       8,755       8,754       8,753       8,752       8,751       8,750
       8,749       8,748       8,747       8,746       8,745       8,744       8,743       8,742       8,741       8,740
       8,739       8,738       8,737       8,736       8,735       8,734       8,733       8,732       8,731       8,730
       8,729       8,728       8,727       8,726       8,725       8,724       8,723       8,722       8,721       8,720
       8,719       8,718       8,717       8,716       8,715       8,714       8,713       8,712       8,711       8,710
       8,709       8,708       8,707       8,706       8,705       8,704       8,703       8,702       8,701       8,700
       8,699       8,698       8,697       8,696       8,695       8,694       8,693       8,692       8,691       8,690
       8,689       8,688       8,687       8,686       8,685       8,684       8,683       8,682       8,681       8,680
       8,679       8,678       8,677       8,676       8,675       8,674       8,673       8,672       8,671       8,670
       8,669       8,668       8,667       8,666       8,665       8,664       8,663       8,662       8,661       8,660
       8,659       8,658       8,657       8,656       8,655       8,654       8,653       8,652       8,651       8,650
       8,649       8,648       8,647       8,646       8,645       8,644       8,643       8,642       8,641       8,640
       8,639       8,638       8,637       8,636       8,635       8,634       8,633       8,632       8,631       8,630
       8,629       8,628       8,627       8,626       8,625       8,624       8,623       8,622       8,621       8,620
       8,619       8,618       8,617       8,616       8,615       8,614       8,613       8,612       8,611       8,610
       8,609       8,608       8,607       8,606       8,605       8,604       8,603       8,602       8,601       8,600
       8,599       8,598       8,597       8,596       8,595       8,594       8,593       8,592       8,591       8,590
       8,589       8,588       8,587       8,586       8,585       8,584       8,583       8,582       8,581       8,580
       8,579       8,578       8,577       8,576       8,575       8,574       8,573       8,572       8,571       8,570
       8,569       8,568       8,567       8,566       8,565       8,564       8,563       8,562       8,561       8,560
       8,559       8,558       8,557       8,556       8,555       8,554       8,553       8,552       8,551       8,550
       8,549       8,548       8,547       8,546       8,545       8,544       8,543       8,542       8,541       8,540
       8,539       8,538       8,537       8,536       8,535       8,534       8,533       8,532       8,531       8,530
       8,529       8,528       8,527       8,526       8,525       8,524       8,523       8,522       8,521       8,520
       8,519       8,518       8,517       8,516       8,515       8,514       8,513       8,512       8,511       8,510
       8,509       8,508       8,507       8,506       8,505       8,504       8,503       8,502       8,501       8,500
       8,499       8,498       8,497       8,496       8,495       8,494       8,493       8,492       8,491       8,490
       8,489       8,488       8,487       8,486       8,485       8,484       8,483       8,482       8,481       8,480
       8,479       8,478       8,477       8,476       8,475       8,474       8,473       8,472       8,471       8,470
       8,469       8,468       8,467       8,466       8,465       8,464       8,463       8,462       8,461       8,460
       8,459       8,458       8,457       8,456       8,455       8,454       8,453       8,452       8,451       8,450
       8,449       8,448       8,447       8,446       8,445       8,444       8,443       8,442       8,441       8,440
       8,439       8,438       8,437       8,436       8,435       8,434       8,433       8,432       8,431       8,430
       8,429       8,428       8,427       8,426       8,425       8,424       8,423       8,422       8,421       8,420
       8,419       8,418       8,417       8,416       8,415       8,414       8,413       8,412       8,411       8,410
       8,409       8,408       8,407       8,406       8,405       8,404       8,403       8,402       8,401       8,400
       8,399       8,398       8,397       8,396       8,395       8,394       8,393       8,392       8,391       8,390
       8,389       8,388       8,387       8,386       8,385       8,384       8,383       8,382       8,381       8,380
       8,379       8,378       8,377       8,376       8,375       8,374       8,373       8,372       8,371       8,370
       8,369       8,368       8,367       8,366       8,365       8,364       8,363       8,362       8,361       8,360
       8,359       8,358       8,357       8,356       8,355       8,354       8,353       8,352       8,351       8,350
       8,349       8,348       8,347       8,346       8,345       8,344       8,343       8,342       8,341       8,340
       8,339       8,338       8,337       8,336       8,335       8,334       8,333       8,332       8,331       8,330
       8,329       8,328       8,327       8,326       8,325       8,324       8,323       8,322       8,321       8,320
       8,319       8,318       8,317       8,316       8,315       8,314       8,313       8,312       8,311       8,310
       8,309       8,308       8,307       8,306       8,305       8,304       8,303       8,302       8,301       8,300
       8,299       8,298       8,297       8,296       8,295       8,294       8,293       8,292       8,291       8,290
       8,289       8,288       8,287       8,286       8,285       8,284       8,283       8,282       8,281       8,280
       8,279       8,278       8,277       8,276       8,275       8,274       8,273       8,272       8,271       8,270
       8,269       8,268       8,267       8,266       8,265       8,264       8,263       8,262       8,261       8,260
       8,259       8,258       8,257       8,256       8,255       8,254       8,253       8,252       8,251       8,250
       8,249       8,248       8,247       8,246       8,245       8,244       8,243       8,242       8,241       8,240
       8,239       8,238       8,237       8,236       8,235       8,234       8,233       8,232       8,231       8,230
       8,229       8,228       8,227       8,226       8,225       8,224       8,223       8,222       8,221       8,220
       8,219       8,218       8,217       8,216       8,215       8,214       8,213       8,212       8,211       8,210
       8,209       8,208       8,207       8,206       8,205       8,204       8,203       8,202       8,201       8,200
       8,199       8,198       8,197       8,196       8,195       8,194       8,193       8,192       8,191       8,190
       8,189       8,188       8,187       8,186       8,185       8,184       8,183       8,182       8,181       8,180
       8,179       8,178       8,177       8,176       8,175       8,174       8,173       8,172       8,171       8,170
       8,169       8,168       8,167       8,166       8,165       8,164       8,163       8,162       8,161       8,160
       8,159       8,158       8,157       8,156       8,155       8,154       8,153       8,152       8,151       8,150
       8,149       8,148       8,147       8,146       8,145       8,144       8,143       8,142       8,141       8,140
       8,139       8,138       8,137       8,136       8,135       8,134       8,133       8,132       8,131       8,130
       8,129       8,128       8,127       8,126       8,125       8,124       8,123       8,122       8,121       8,120
       8,119       8,118       8,117       8,116       8,115       8,114       8,113       8,112       8,111       8,110
       8,109       8,108       8,107       8,106       8,105       8,104       8,103       8,102       8,101       8,100
       8,099       8,098       8,097       8,096       8,095       8,094       8,093       8,092       8,091       8,090
       8,089       8,088       8,087       8,086       8,085       8,084       8,083       8,082       8,081       8,080
       8,079       8,078       8,077       8,076       8,075       8,074       8,073       8,072       8,071       8,070
       8,069       8,068       8,067       8,066       8,065       8,064       8,063       8,062       8,061       8,060
       8,059       8,058       8,057       8,056       8,055       8,054       8,053       8,052       8,051       8,050
       8,049       8,048       8,047       8,046       8,045       8,044       8,043       8,042       8,041       8,040
       8,039       8,038       8,037       8,036       8,035       8,034       8,033       8,032       8,031       8,030
       8,029       8,028       8,027       8,026       8,025       8,024       8,023       8,022       8,021       8,020
       8,019       8,018       8,017       8,016       8,015       8,014       8,013       8,012       8,011       8,010
       8,009       8,008       8,007       8,006       8,005       8,004       8,003       8,002       8,001       8,000
       7,999       7,998       7,997       7,996       7,995       7,994       7,993       7,992       7,991       7,990
       7,989       7,988       7,987       7,986       7,985       7,984       7,983       7,982       7,981       7,980
       7,979       7,978       7,977       7,976       7,975       7,974       7,973       7,972       7,971       7,970
       7,969       7,968       7,967       7,966       7,965       7,964       7,963       7,962       7,961       7,960
       7,959       7,958       7,957       7,956       7,955       7,954       7,953       7,952       7,951       7,950
       7,949       7,948       7,947       7,946       7,945       7,944       7,943       7,942       7,941       7,940
       7,939       7,938       7,937       7,936       7,935       7,934       7,933       7,932       7,931       7,930
       7,929       7,928       7,927       7,926       7,925       7,924       7,923       7,922       7,921       7,920
       7,919       7,918       7,917       7,916       7,915       7,914       7,913       7,912       7,911       7,910
       7,909       7,908       7,907       7,906       7,905       7,904       7,903       7,902       7,901       7,900
       7,899       7,898       7,897       7,896       7,895       7,894       7,893       7,892       7,891       7,890
       7,889       7,888       7,887       7,886       7,885       7,884       7,883       7,882       7,881       7,880
       7,879       7,878       7,877       7,876       7,875       7,874       7,873       7,872       7,871       7,870
       7,869       7,868       7,867       7,866       7,865       7,864       7,863       7,862       7,861       7,860
       7,859       7,858       7,857       7,856       7,855       7,854       7,853       7,852       7,851       7,850
       7,849       7,848       7,847       7,846       7,845       7,844       7,843       7,842       7,841       7,840
       7,839       7,838       7,837       7,836       7,835       7,834       7,833       7,832       7,831       7,830
       7,829       7,828       7,827       7,826       7,825       7,824       7,823       7,822       7,821       7,820
       7,819       7,818       7,817       7,816       7,815       7,814       7,813       7,812       7,811       7,810
       7,809       7,808       7,807       7,806       7,805       7,804       7,803       7,802       7,801       7,800
       7,799       7,798       7,797       7,796       7,795       7,794       7,793       7,792       7,791       7,790
       7,789       7,788       7,787       7,786       7,785       7,784       7,783       7,782       7,781       7,780
       7,779       7,778       7,777       7,776       7,775       7,774       7,773       7,772       7,771       7,770
       7,769       7,768       7,767       7,766       7,765       7,764       7,763       7,762       7,761       7,760
       7,759       7,758       7,757       7,756       7,755       7,754       7,753       7,752       7,751       7,750
       7,749       7,748       7,747       7,746       7,745       7,744       7,743       7,742       7,741       7,740
       7,739       7,738       7,737       7,736       7,735       7,734       7,733       7,732       7,731       7,730
       7,729       7,728       7,727       7,726       7,725       7,724       7,723       7,722       7,721       7,720
       7,719       7,718       7,717       7,716       7,715       7,714       7,713       7,712       7,711       7,710
       7,709       7,708       7,707       7,706       7,705       7,704       7,703       7,702       7,701       7,700
       7,699       7,698       7,697       7,696       7,695       7,694       7,693       7,692       7,691       7,690
       7,689       7,688       7,687       7,686       7,685       7,684       7,683       7,682       7,681       7,680
       7,679       7,678       7,677       7,676       7,675       7,674       7,673       7,672       7,671       7,670
       7,669       7,668       7,667       7,666       7,665       7,664       7,663       7,662       7,661       7,660
       7,659       7,658       7,657       7,656       7,655       7,654       7,653       7,652       7,651       7,650
       7,649       7,648       7,647       7,646       7,645       7,644       7,643       7,642       7,641       7,640
       7,639       7,638       7,637       7,636       7,635       7,634       7,633       7,632       7,631       7,630
       7,629       7,628       7,627       7,626       7,625       7,624       7,623       7,622       7,621       7,620
       7,619       7,618       7,617       7,616       7,615       7,614       7,613       7,612       7,611       7,610
       7,609       7,608       7,607       7,606       7,605       7,604       7,603       7,602       7,601       7,600
       7,599       7,598       7,597       7,596       7,595       7,594       7,593       7,592       7,591       7,590
       7,589       7,588       7,587       7,586       7,585       7,584       7,583       7,582       7,581       7,580
       7,579       7,578       7,577       7,576       7,575       7,574       7,573       7,572       7,571       7,570
       7,569       7,568       7,567       7,566       7,565       7,564       7,563       7,562       7,561       7,560
       7,559       7,558       7,557       7,556       7,555       7,554       7,553       7,552       7,551       7,550
       7,549       7,548       7,547       7,546       7,545       7,544       7,543       7,542       7,541       7,540
       7,539       7,538       7,537       7,536       7,535       7,534       7,533       7,532       7,531       7,530
       7,529       7,528       7,527       7,526       7,525       7,524       7,523       7,522       7,521       7,520
       7,519       7,518       7,517       7,516       7,515       7,514       7,513       7,512       7,511       7,510
       7,509       7,508       7,507       7,506       7,505       7,504       7,503       7,502       7,501       7,500
       7,499       7,498       7,497       7,496       7,495       7,494       7,493       7,492       7,491       7,490
       7,489       7,488       7,487       7,486       7,485       7,484       7,483       7,482       7,481       7,480
       7,479       7,478       7,477       7,476       7,475       7,474       7,473       7,472       7,471       7,470
       7,469       7,468       7,467       7,466       7,465       7,464       7,463       7,462       7,461       7,460
       7,459       7,458       7,457       7,456       7,455       7,454       7,453       7,452       7,451       7,450
       7,449       7,448       7,447       7,446       7,445       7,444       7,443       7,442       7,441       7,440
       7,439       7,438       7,437       7,436       7,435       7,434       7,433       7,432       7,431       7,430
       7,429       7,428       7,427       7,426       7,425       7,424       7,423       7,422       7,421       7,420
       7,419       7,418       7,417       7,416       7,415       7,414       7,413       7,412       7,411       7,410
       7,409       7,408       7,407       7,406       7,405       7,404       7,403       7,402       7,401       7,400
       7,399       7,398       7,397       7,396       7,395       7,394       7,393       7,392       7,391       7,390
       7,389       7,388       7,387       7,386       7,385       7,384       7,383       7,382       7,381       7,380
       7,379       7,378       7,377       7,376       7,375       7,374       7,373       7,372       7,371       7,370
       7,369       7,368       7,367       7,366       7,365       7,364       7,363       7,362       7,361       7,360
       7,359       7,358       7,357       7,356       7,355       7,354       7,353       7,352       7,351       7,350
       7,349       7,348       7,347       7,346       7,345       7,344       7,343       7,342       7,341       7,340
       7,339       7,338       7,337       7,336       7,335       7,334       7,333       7,332       7,331       7,330
       7,329       7,328       7,327       7,326       7,325       7,324       7,323       7,322       7,321       7,320
       7,319       7,318       7,317       7,316       7,315       7,314       7,313       7,312       7,311       7,310
       7,309       7,308       7,307       7,306       7,305       7,304       7,303       7,302       7,301       7,300
       7,299       7,298       7,297       7,296       7,295       7,294       7,293       7,292       7,291       7,290
       7,289       7,288       7,287       7,286       7,285       7,284       7,283       7,282       7,281       7,280
       7,279       7,278       7,277       7,276       7,275       7,274       7,273       7,272       7,271       7,270
       7,269       7,268       7,267       7,266       7,265       7,264       7,263       7,262       7,261       7,260
       7,259       7,258       7,257       7,256       7,255       7,254       7,253       7,252       7,251       7,250
       7,249       7,248       7,247       7,246       7,245       7,244       7,243       7,242       7,241       7,240
       7,239       7,238       7,237       7,236       7,235       7,234       7,233       7,232       7,231       7,230
       7,229       7,228       7,227       7,226       7,225       7,224       7,223       7,222       7,221       7,220
       7,219       7,218       7,217       7,216       7,215       7,214       7,213       7,212       7,211       7,210
       7,209       7,208       7,207       7,206       7,205       7,204       7,203       7,202       7,201       7,200
       7,199       7,198       7,197       7,196       7,195       7,194       7,193       7,192       7,191       7,190
       7,189       7,188       7,187       7,186       7,185       7,184       7,183       7,182       7,181       7,180
       7,179       7,178       7,177       7,176       7,175       7,174       7,173       7,172       7,171       7,170
       7,169       7,168       7,167       7,166       7,165       7,164       7,163       7,162       7,161       7,160
       7,159       7,158       7,157       7,156       7,155       7,154       7,153       7,152       7,151       7,150
       7,149       7,148       7,147       7,146       7,145       7,144       7,143       7,142       7,141       7,140
       7,139       7,138       7,137       7,136       7,135       7,134       7,133       7,132       7,131       7,130
       7,129       7,128       7,127       7,126       7,125       7,124       7,123       7,122       7,121       7,120
       7,119       7,118       7,117       7,116       7,115       7,114       7,113       7,112       7,111       7,110
       7,109       7,108       7,107       7,106       7,105       7,104       7,103       7,102       7,101       7,100
       7,099       7,098       7,097       7,096       7,095       7,094       7,093       7,092       7,091       7,090
       7,089       7,088       7,087       7,086       7,085       7,084       7,083       7,082       7,081       7,080
       7,079       7,078       7,077       7,076       7,075       7,074       7,073       7,072       7,071       7,070
       7,069       7,068       7,067       7,066       7,065       7,064       7,063       7,062       7,061       7,060
       7,059       7,058       7,057       7,056       7,055       7,054       7,053       7,052       7,051       7,050
       7,049       7,048       7,047       7,046       7,045       7,044       7,043       7,042       7,041       7,040
       7,039       7,038       7,037       7,036       7,035       7,034       7,033       7,032       7,031       7,030
       7,029       7,028       7,027       7,026       7,025       7,024       7,023       7,022       7,021       7,020
       7,019       7,018       7,017       7,016       7,015       7,014       7,013       7,012       7,011       7,010
       7,009       7,008       7,007       7,006       7,005       7,004       7,003       7,002       7,001       7,000
       6,999       6,998       6,997       6,996       6,995       6,994       6,993       6,992       6,991       6,990
       6,989       6,988       6,987       6,986       6,985       6,984       6,983       6,982       6,981       6,980
       6,979       6,978       6,977       6,976       6,975       6,974       6,973       6,972       6,971       6,970
       6,969       6,968       6,967       6,966       6,965       6,964       6,963       6,962       6,961       6,960
       6,959       6,958       6,957       6,956       6,955       6,954       6,953       6,952       6,951       6,950
       6,949       6,948       6,947       6,946       6,945       6,944       6,943       6,942       6,941       6,940
       6,939       6,938       6,937       6,936       6,935       6,934       6,933       6,932       6,931       6,930
       6,929       6,928       6,927       6,926       6,925       6,924       6,923       6,922       6,921       6,920
       6,919       6,918       6,917       6,916       6,915       6,914       6,913       6,912       6,911       6,910
       6,909       6,908       6,907       6,906       6,905       6,904       6,903       6,902       6,901       6,900
       6,899       6,898       6,897       6,896       6,895       6,894       6,893       6,892       6,891       6,890
       6,889       6,888       6,887       6,886       6,885       6,884       6,883       6,882       6,881       6,880
       6,879       6,878       6,877       6,876       6,875       6,874       6,873       6,872       6,871       6,870
       6,869       6,868       6,867       6,866       6,865       6,864       6,863       6,862       6,861       6,860
       6,859       6,858       6,857       6,856       6,855       6,854       6,853       6,852       6,851       6,850
       6,849       6,848       6,847       6,846       6,845       6,844       6,843       6,842       6,841       6,840
       6,839       6,838       6,837       6,836       6,835       6,834       6,833       6,832       6,831       6,830
       6,829       6,828       6,827       6,826       6,825       6,824       6,823       6,822       6,821       6,820
       6,819       6,818       6,817       6,816       6,815       6,814       6,813       6,812       6,811       6,810
       6,809       6,808       6,807       6,806       6,805       6,804       6,803       6,802       6,801       6,800
       6,799       6,798       6,797       6,796       6,795       6,794       6,793       6,792       6,791       6,790
       6,789       6,788       6,787       6,786       6,785       6,784       6,783       6,782       6,781       6,780
       6,779       6,778       6,777       6,776       6,775       6,774       6,773       6,772       6,771       6,770
       6,769       6,768       6,767       6,766       6,765       6,764       6,763       6,762       6,761       6,760
       6,759       6,758       6,757       6,756       6,755       6,754       6,753       6,752       6,751       6,750
       6,749       6,748       6,747       6,746       6,745       6,744       6,743       6,742       6,741       6,740
       6,739       6,738       6,737       6,736       6,735       6,734       6,733       6,732       6,731       6,730
       6,729       6,728       6,727       6,726       6,725       6,724       6,723       6,722       6,721       6,720
       6,719       6,718       6,717       6,716       6,715       6,714       6,713       6,712       6,711       6,710
       6,709       6,708       6,707       6,706       6,705       6,704       6,703       6,702       6,701       6,700
       6,699       6,698       6,697       6,696       6,695       6,694       6,693       6,692       6,691       6,690
       6,689       6,688       6,687       6,686       6,685       6,684       6,683       6,682       6,681       6,680
       6,679       6,678       6,677       6,676       6,675       6,674       6,673       6,672       6,671       6,670
       6,669       6,668       6,667       6,666       6,665       6,664       6,663       6,662       6,661       6,660
       6,659       6,658       6,657       6,656       6,655       6,654       6,653       6,652       6,651       6,650
       6,649       6,648       6,647       6,646       6,645       6,644       6,643       6,642       6,641       6,640
       6,639       6,638       6,637       6,636       6,635       6,634       6,633       6,632       6,631       6,630
       6,629       6,628       6,627       6,626       6,625       6,624       6,623       6,622       6,621       6,620
       6,619       6,618       6,617       6,616       6,615       6,614       6,613       6,612       6,611       6,610
       6,609       6,608       6,607       6,606       6,605       6,604       6,603       6,602       6,601       6,600
       6,599       6,598       6,597       6,596       6,595       6,594       6,593       6,592       6,591       6,590
       6,589       6,588       6,587       6,586       6,585       6,584       6,583       6,582       6,581       6,580
       6,579       6,578       6,577       6,576       6,575       6,574       6,573       6,572       6,571       6,570
       6,569       6,568       6,567       6,566       6,565       6,564       6,563       6,562       6,561       6,560
       6,559       6,558       6,557       6,556       6,555       6,554       6,553       6,552       6,551       6,550
       6,549       6,548       6,547       6,546       6,545       6,544       6,543       6,542       6,541       6,540
       6,539       6,538       6,537       6,536       6,535       6,534       6,533       6,532       6,531       6,530
       6,529       6,528       6,527       6,526       6,525       6,524       6,523       6,522       6,521       6,520
       6,519       6,518       6,517       6,516       6,515       6,514       6,513       6,512       6,511       6,510
       6,509       6,508       6,507       6,506       6,505       6,504       6,503       6,502       6,501       6,500
       6,499       6,498       6,497       6,496       6,495       6,494       6,493       6,492       6,491       6,490
       6,489       6,488       6,487       6,486       6,485       6,484       6,483       6,482       6,481       6,480
       6,479       6,478       6,477       6,476       6,475       6,474       6,473       6,472       6,471       6,470
       6,469       6,468       6,467       6,466       6,465       6,464       6,463       6,462       6,461       6,460
       6,459       6,458       6,457       6,456       6,455       6,454       6,453       6,452       6,451       6,450
       6,449       6,448       6,447       6,446       6,445       6,444       6,443       6,442       6,441       6,440
       6,439       6,438       6,437       6,436       6,435       6,434       6,433       6,432       6,431       6,430
       6,429       6,428       6,427       6,426       6,425       6,424       6,423       6,422       6,421       6,420
       6,419       6,418       6,417       6,416       6,415       6,414       6,413       6,412       6,411       6,410
       6,409       6,408       6,407       6,406       6,405       6,404       6,403       6,402       6,401       6,400
       6,399       6,398       6,397       6,396       6,395       6,394       6,393       6,392       6,391       6,390
       6,389       6,388       6,387       6,386       6,385       6,384       6,383       6,382       6,381       6,380
       6,379       6,378       6,377       6,376       6,375       6,374       6,373       6,372       6,371       6,370
       6,369       6,368       6,367       6,366       6,365       6,364       6,363       6,362       6,361       6,360
       6,359       6,358       6,357       6,356       6,355       6,354       6,353       6,352       6,351       6,350
       6,349       6,348       6,347       6,346       6,345       6,344       6,343       6,342       6,341       6,340
       6,339       6,338       6,337       6,336       6,335       6,334       6,333       6,332       6,331       6,330
       6,329       6,328       6,327       6,326       6,325       6,324       6,323       6,322       6,321       6,320
       6,319       6,318       6,317       6,316       6,315       6,314       6,313       6,312       6,311       6,310
       6,309       6,308       6,307       6,306       6,305       6,304       6,303       6,302       6,301       6,300
       6,299       6,298       6,297       6,296       6,295       6,294       6,293       6,292       6,291       6,290
       6,289       6,288       6,287       6,286       6,285       6,284       6,283       6,282       6,281       6,280
       6,279       6,278       6,277       6,276       6,275       6,274       6,273       6,272       6,271       6,270
       6,269       6,268       6,267       6,266       6,265       6,264       6,263       6,262       6,261       6,260
       6,259       6,258       6,257       6,256       6,255       6,254       6,253       6,252       6,251       6,250
       6,249       6,248       6,247       6,246       6,245       6,244       6,243       6,242       6,241       6,240
       6,239       6,238       6,237       6,236       6,235       6,234       6,233       6,232       6,231       6,230
       6,229       6,228       6,227       6,226       6,225       6,224       6,223       6,222       6,221       6,220
       6,219       6,218       6,217       6,216       6,215       6,214       6,213       6,212       6,211       6,210
       6,209       6,208       6,207       6,206       6,205       6,204       6,203       6,202       6,201       6,200
       6,199       6,198       6,197       6,196       6,195       6,194       6,193       6,192       6,191       6,190
       6,189       6,188       6,187       6,186       6,185       6,184       6,183       6,182       6,181       6,180
       6,179       6,178       6,177       6,176       6,175       6,174       6,173       6,172       6,171       6,170
       6,169       6,168       6,167       6,166       6,165       6,164       6,163       6,162       6,161       6,160
       6,159       6,158       6,157       6,156       6,155       6,154       6,153       6,152       6,151       6,150
       6,149       6,148       6,147       6,146       6,145       6,144       6,143       6,142       6,141       6,140
       6,139       6,138       6,137       6,136       6,135       6,134       6,133       6,132       6,131       6,130
       6,129       6,128       6,127       6,126       6,125       6,124       6,123       6,122       6,121       6,120
       6,119       6,118       6,117       6,116       6,115       6,114       6,113       6,112       6,111       6,110
       6,109       6,108       6,107       6,106       6,105       6,104       6,103       6,102       6,101       6,100
       6,099       6,098       6,097       6,096       6,095       6,094       6,093       6,092       6,091       6,090
       6,089       6,088       6,087       6,086       6,085       6,084       6,083       6,082       6,081       6,080
       6,079       6,078       6,077       6,076       6,075       6,074       6,073       6,072       6,071       6,070
       6,069       6,068       6,067       6,066       6,065       6,064       6,063       6,062       6,061       6,060
       6,059       6,058       6,057       6,056       6,055       6,054       6,053       6,052       6,051       6,050
       6,049       6,048       6,047       6,046       6,045       6,044       6,043       6,042       6,041       6,040
       6,039       6,038       6,037       6,036       6,035       6,034       6,033       6,032       6,031       6,030
       6,029       6,028       6,027       6,026       6,025       6,024       6,023       6,022       6,021       6,020
       6,019       6,018       6,017       6,016       6,015       6,014       6,013       6,012       6,011       6,010
       6,009       6,008       6,007       6,006       6,005       6,004       6,003       6,002       6,001       6,000
       5,999       5,998       5,997       5,996       5,995       5,994       5,993       5,992       5,991       5,990
       5,989       5,988       5,987       5,986       5,985       5,984       5,983       5,982       5,981       5,980
       5,979       5,978       5,977       5,976       5,975       5,974       5,973       5,972       5,971       5,970
       5,969       5,968       5,967       5,966       5,965       5,964       5,963       5,962       5,961       5,960
       5,959       5,958       5,957       5,956       5,955       5,954       5,953       5,952       5,951       5,950
       5,949       5,948       5,947       5,946       5,945       5,944       5,943       5,942       5,941       5,940
       5,939       5,938       5,937       5,936       5,935       5,934       5,933       5,932       5,931       5,930
       5,929       5,928       5,927       5,926       5,925       5,924       5,923       5,922       5,921       5,920
       5,919       5,918       5,917       5,916       5,915       5,914       5,913       5,912       5,911       5,910
       5,909       5,908       5,907       5,906       5,905       5,904       5,903       5,902       5,901       5,900
       5,899       5,898       5,897       5,896       5,895       5,894       5,893       5,892       5,891       5,890
       5,889       5,888       5,887       5,886       5,885       5,884       5,883       5,882       5,881       5,880
       5,879       5,878       5,877       5,876       5,875       5,874       5,873       5,872       5,871       5,870
       5,869       5,868       5,867       5,866       5,865       5,864       5,863       5,862       5,861       5,860
       5,859       5,858       5,857       5,856       5,855       5,854       5,853       5,852       5,851       5,850
       5,849       5,848       5,847       5,846       5,845       5,844       5,843       5,842       5,841       5,840
       5,839       5,838       5,837       5,836       5,835       5,834       5,833       5,832       5,831       5,830
       5,829       5,828       5,827       5,826       5,825       5,824       5,823       5,822       5,821       5,820
       5,819       5,818       5,817       5,816       5,815       5,814       5,813       5,812       5,811       5,810
       5,809       5,808       5,807       5,806       5,805       5,804       5,803       5,802       5,801       5,800
       5,799       5,798       5,797       5,796       5,795       5,794       5,793       5,792       5,791       5,790
       5,789       5,788       5,787       5,786       5,785       5,784       5,783       5,782       5,781       5,780
       5,779       5,778       5,777       5,776       5,775       5,774       5,773       5,772       5,771       5,770
       5,769       5,768       5,767       5,766       5,765       5,764       5,763       5,762       5,761       5,760
       5,759       5,758       5,757       5,756       5,755       5,754       5,753       5,752       5,751       5,750
       5,749       5,748       5,747       5,746       5,745       5,744       5,743       5,742       5,741       5,740
       5,739       5,738       5,737       5,736       5,735       5,734       5,733       5,732       5,731       5,730
       5,729       5,728       5,727       5,726       5,725       5,724       5,723       5,722       5,721       5,720
       5,719       5,718       5,717       5,716       5,715       5,714       5,713       5,712       5,711       5,710
       5,709       5,708       5,707       5,706       5,705       5,704       5,703       5,702       5,701       5,700
       5,699       5,698       5,697       5,696       5,695       5,694       5,693       5,692       5,691       5,690
       5,689       5,688       5,687       5,686       5,685       5,684       5,683       5,682       5,681       5,680
       5,679       5,678       5,677       5,676       5,675       5,674       5,673       5,672       5,671       5,670
       5,669       5,668       5,667       5,666       5,665       5,664       5,663       5,662       5,661       5,660
       5,659       5,658       5,657       5,656       5,655       5,654       5,653       5,652       5,651       5,650
       5,649       5,648       5,647       5,646       5,645       5,644       5,643       5,642       5,641       5,640
       5,639       5,638       5,637       5,636       5,635       5,634       5,633       5,632       5,631       5,630
       5,629       5,628       5,627       5,626       5,625       5,624       5,623       5,622       5,621       5,620
       5,619       5,618       5,617       5,616       5,615       5,614       5,613       5,612       5,611       5,610
       5,609       5,608       5,607       5,606       5,605       5,604       5,603       5,602       5,601       5,600
       5,599       5,598       5,597       5,596       5,595       5,594       5,593       5,592       5,591       5,590
       5,589       5,588       5,587       5,586       5,585       5,584       5,583       5,582       5,581       5,580
       5,579       5,578       5,577       5,576       5,575       5,574       5,573       5,572       5,571       5,570
       5,569       5,568       5,567       5,566       5,565       5,564       5,563       5,562       5,561       5,560
       5,559       5,558       5,557       5,556       5,555       5,554       5,553       5,552       5,551       5,550
       5,549       5,548       5,547       5,546       5,545       5,544       5,543       5,542       5,541       5,540
       5,539       5,538       5,537       5,536       5,535       5,534       5,533       5,532       5,531       5,530
       5,529       5,528       5,527       5,526       5,525       5,524       5,523       5,522       5,521       5,520
       5,519       5,518       5,517       5,516       5,515       5,514       5,513       5,512       5,511       5,510
       5,509       5,508       5,507       5,506       5,505       5,504       5,503       5,502       5,501       5,500
       5,499       5,498       5,497       5,496       5,495       5,494       5,493       5,492       5,491       5,490
       5,489       5,488       5,487       5,486       5,485       5,484       5,483       5,482       5,481       5,480
       5,479       5,478       5,477       5,476       5,475       5,474       5,473       5,472       5,471       5,470
       5,469       5,468       5,467       5,466       5,465       5,464       5,463       5,462       5,461       5,460
       5,459       5,458       5,457       5,456       5,455       5,454       5,453       5,452       5,451       5,450
       5,449       5,448       5,447       5,446       5,445       5,444       5,443       5,442       5,441       5,440
       5,439       5,438       5,437       5,436       5,435       5,434       5,433       5,432       5,431       5,430
       5,429       5,428       5,427       5,426       5,425       5,424       5,423       5,422       5,421       5,420
       5,419       5,418       5,417       5,416       5,415       5,414       5,413       5,412       5,411       5,410
       5,409       5,408       5,407       5,406       5,405       5,404       5,403       5,402       5,401       5,400
       5,399       5,398       5,397       5,396       5,395       5,394       5,393       5,392       5,391       5,390
       5,389       5,388       5,387       5,386       5,385       5,384       5,383       5,382       5,381       5,380
       5,379       5,378       5,377       5,376       5,375       5,374       5,373       5,372       5,371       5,370
       5,369       5,368       5,367       5,366       5,365       5,364       5,363       5,362       5,361       5,360
       5,359       5,358       5,357       5,356       5,355       5,354       5,353       5,352       5,351       5,350
       5,349       5,348       5,347       5,346       5,345       5,344       5,343       5,342       5,341       5,340
       5,339       5,338       5,337       5,336       5,335       5,334       5,333       5,332       5,331       5,330
       5,329       5,328       5,327       5,326       5,325       5,324       5,323       5,322       5,321       5,320
       5,319       5,318       5,317       5,316       5,315       5,314       5,313       5,312       5,311       5,310
       5,309       5,308       5,307       5,306       5,305       5,304       5,303       5,302       5,301       5,300
       5,299       5,298       5,297       5,296       5,295       5,294       5,293       5,292       5,291       5,290
       5,289       5,288       5,287       5,286       5,285       5,284       5,283       5,282       5,281       5,280
       5,279       5,278       5,277       5,276       5,275       5,274       5,273       5,272       5,271       5,270
       5,269       5,268       5,267       5,266       5,265       5,264       5,263       5,262       5,261       5,260
       5,259       5,258       5,257       5,256       5,255       5,254       5,253       5,252       5,251       5,250
       5,249       5,248       5,247       5,246       5,245       5,244       5,243       5,242       5,241       5,240
       5,239       5,238       5,237       5,236       5,235       5,234       5,233       5,232       5,231       5,230
       5,229       5,228       5,227       5,226       5,225       5,224       5,223       5,222       5,221       5,220
       5,219       5,218       5,217       5,216       5,215       5,214       5,213       5,212       5,211       5,210
       5,209       5,208       5,207       5,206       5,205       5,204       5,203       5,202       5,201       5,200
       5,199       5,198       5,197       5,196       5,195       5,194       5,193       5,192       5,191       5,190
       5,189       5,188       5,187       5,186       5,185       5,184       5,183       5,182       5,181       5,180
       5,179       5,178       5,177       5,176       5,175       5,174       5,173       5,172       5,171       5,170
       5,169       5,168       5,167       5,166       5,165       5,164       5,163       5,162       5,161       5,160
       5,159       5,158       5,157       5,156       5,155       5,154       5,153       5,152       5,151       5,150
       5,149       5,148       5,147       5,146       5,145       5,144       5,143       5,142       5,141       5,140
       5,139       5,138       5,137       5,136       5,135       5,134       5,133       5,132       5,131       5,130
       5,129       5,128       5,127       5,126       5,125       5,124       5,123       5,122       5,121       5,120
       5,119       5,118       5,117       5,116       5,115       5,114       5,113       5,112       5,111       5,110
       5,109       5,108       5,107       5,106       5,105       5,104       5,103       5,102       5,101       5,100
       5,099       5,098       5,097       5,096       5,095       5,094       5,093       5,092       5,091       5,090
       5,089       5,088       5,087       5,086       5,085       5,084       5,083       5,082       5,081       5,080
       5,079       5,078       5,077       5,076       5,075       5,074       5,073       5,072       5,071       5,070
       5,069       5,068       5,067       5,066       5,065       5,064       5,063       5,062       5,061       5,060
       5,059       5,058       5,057       5,056       5,055       5,054       5,053       5,052       5,051       5,050
       5,049       5,048       5,047       5,046       5,045       5,044       5,043       5,042       5,041       5,040
       5,039       5,038       5,037       5,036       5,035       5,034       5,033       5,032       5,031       5,030
       5,029       5,028       5,027       5,026       5,025       5,024       5,023       5,022       5,021       5,020
       5,019       5,018       5,017       5,016       5,015       5,014       5,013       5,012       5,011       5,010
       5,009       5,008       5,007       5,006       5,005       5,004       5,003       5,002       5,001       5,000
       4,999       4,998       4,997       4,996       4,995       4,994       4,993       4,992       4,991       4,990
       4,989       4,988       4,987       4,986       4,985       4,984       4,983       4,982       4,981       4,980
       4,979       4,978       4,977       4,976       4,975       4,974       4,973       4,972       4,971       4,970
       4,969       4,968       4,967       4,966       4,965       4,964       4,963       4,962       4,961       4,960
       4,959       4,958       4,957       4,956       4,955       4,954       4,953       4,952       4,951       4,950
       4,949       4,948       4,947       4,946       4,945       4,944       4,943       4,942       4,941       4,940
       4,939       4,938       4,937       4,936       4,935       4,934       4,933       4,932       4,931       4,930
       4,929       4,928       4,927       4,926       4,925       4,924       4,923       4,922       4,921       4,920
       4,919       4,918       4,917       4,916       4,915       4,914       4,913       4,912       4,911       4,910
       4,909       4,908       4,907       4,906       4,905       4,904       4,903       4,902       4,901       4,900
       4,899       4,898       4,897       4,896       4,895       4,894       4,893       4,892       4,891       4,890
       4,889       4,888       4,887       4,886       4,885       4,884       4,883       4,882       4,881       4,880
       4,879       4,878       4,877       4,876       4,875       4,874       4,873       4,872       4,871       4,870
       4,869       4,868       4,867       4,866       4,865       4,864       4,863       4,862       4,861       4,860
       4,859       4,858       4,857       4,856       4,855       4,854       4,853       4,852       4,851       4,850
       4,849       4,848       4,847       4,846       4,845       4,844       4,843       4,842       4,841       4,840
       4,839       4,838       4,837       4,836       4,835       4,834       4,833       4,832       4,831       4,830
       4,829       4,828       4,827       4,826       4,825       4,824       4,823       4,822       4,821       4,820
       4,819       4,818       4,817       4,816       4,815       4,814       4,813       4,812       4,811       4,810
       4,809       4,808       4,807       4,806       4,805       4,804       4,803       4,802       4,801       4,800
       4,799       4,798       4,797       4,796       4,795       4,794       4,793       4,792       4,791       4,790
       4,789       4,788       4,787       4,786       4,785       4,784       4,783       4,782       4,781       4,780
       4,779       4,778       4,777       4,776       4,775       4,774       4,773       4,772       4,771       4,770
       4,769       4,768       4,767       4,766       4,765       4,764       4,763       4,762       4,761       4,760
       4,759       4,758       4,757       4,756       4,755       4,754       4,753       4,752       4,751       4,750
       4,749       4,748       4,747       4,746       4,745       4,744       4,743       4,742       4,741       4,740
       4,739       4,738       4,737       4,736       4,735       4,734       4,733       4,732       4,731       4,730
       4,729       4,728       4,727       4,726       4,725       4,724       4,723       4,722       4,721       4,720
       4,719       4,718       4,717       4,716       4,715       4,714       4,713       4,712       4,711       4,710
       4,709       4,708       4,707       4,706       4,705       4,704       4,703       4,702       4,701       4,700
       4,699       4,698       4,697       4,696       4,695       4,694       4,693       4,692       4,691       4,690
       4,689       4,688       4,687       4,686       4,685       4,684       4,683       4,682       4,681       4,680
       4,679       4,678       4,677       4,676       4,675       4,674       4,673       4,672       4,671       4,670
       4,669       4,668       4,667       4,666       4,665       4,664       4,663       4,662       4,661       4,660
       4,659       4,658       4,657       4,656       4,655       4,654       4,653       4,652       4,651       4,650
       4,649       4,648       4,647       4,646       4,645       4,644       4,643       4,642       4,641       4,640
       4,639       4,638       4,637       4,636       4,635       4,634       4,633       4,632       4,631       4,630
       4,629       4,628       4,627       4,626       4,625       4,624       4,623       4,622       4,621       4,620
       4,619       4,618       4,617       4,616       4,615       4,614       4,613       4,612       4,611       4,610
       4,609       4,608       4,607       4,606       4,605       4,604       4,603       4,602       4,601       4,600
       4,599       4,598       4,597       4,596       4,595       4,594       4,593       4,592       4,591       4,590
       4,589       4,588       4,587       4,586       4,585       4,584       4,583       4,582       4,581       4,580
       4,579       4,578       4,577       4,576       4,575       4,574       4,573       4,572       4,571       4,570
       4,569       4,568       4,567       4,566       4,565       4,564       4,563       4,562       4,561       4,560
       4,559       4,558       4,557       4,556       4,555       4,554       4,553       4,552       4,551       4,550
       4,549       4,548       4,547       4,546       4,545       4,544       4,543       4,542       4,541       4,540
       4,539       4,538       4,537       4,536       4,535       4,534       4,533       4,532       4,531       4,530
       4,529       4,528       4,527       4,526       4,525       4,524       4,523       4,522       4,521       4,520
       4,519       4,518       4,517       4,516       4,515       4,514       4,513       4,512       4,511       4,510
       4,509       4,508       4,507       4,506       4,505       4,504       4,503       4,502       4,501       4,500
       4,499       4,498       4,497       4,496       4,495       4,494       4,493       4,492       4,491       4,490
       4,489       4,488       4,487       4,486       4,485       4,484       4,483       4,482       4,481       4,480
       4,479       4,478       4,477       4,476       4,475       4,474       4,473       4,472       4,471       4,470
       4,469       4,468       4,467       4,466       4,465       4,464       4,463       4,462       4,461       4,460
       4,459       4,458       4,457       4,456       4,455       4,454       4,453       4,452       4,451       4,450
       4,449       4,448       4,447       4,446       4,445       4,444       4,443       4,442       4,441       4,440
       4,439       4,438       4,437       4,436       4,435       4,434       4,433       4,432       4,431       4,430
       4,429       4,428       4,427       4,426       4,425       4,424       4,423       4,422       4,421       4,420
       4,419       4,418       4,417       4,416       4,415       4,414       4,413       4,412       4,411       4,410
       4,409       4,408       4,407       4,406       4,405       4,404       4,403       4,402       4,401       4,400
       4,399       4,398       4,397       4,396       4,395       4,394       4,393       4,392       4,391       4,390
       4,389       4,388       4,387       4,386       4,385       4,384       4,383       4,382       4,381       4,380
       4,379       4,378       4,377       4,376       4,375       4,374       4,373       4,372       4,371       4,370
       4,369       4,368       4,367       4,366       4,365       4,364       4,363       4,362       4,361       4,360
       4,359       4,358       4,357       4,356       4,355       4,354       4,353       4,352       4,351       4,350
       4,349       4,348       4,347       4,346       4,345       4,344       4,343       4,342       4,341       4,340
       4,339       4,338       4,337       4,336       4,335       4,334       4,333       4,332       4,331       4,330
       4,329       4,328       4,327       4,326       4,325       4,324       4,323       4,322       4,321       4,320
       4,319       4,318       4,317       4,316       4,315       4,314       4,313       4,312       4,311       4,310
       4,309       4,308       4,307       4,306       4,305       4,304       4,303       4,302       4,301       4,300
       4,299       4,298       4,297       4,296       4,295       4,294       4,293       4,292       4,291       4,290
       4,289       4,288       4,287       4,286       4,285       4,284       4,283       4,282       4,281       4,280
       4,279       4,278       4,277       4,276       4,275       4,274       4,273       4,272       4,271       4,270
       4,269       4,268       4,267       4,266       4,265       4,264       4,263       4,262       4,261       4,260
       4,259       4,258       4,257       4,256       4,255       4,254       4,253       4,252       4,251       4,250
       4,249       4,248       4,247       4,246       4,245       4,244       4,243       4,242       4,241       4,240
       4,239       4,238       4,237       4,236       4,235       4,234       4,233       4,232       4,231       4,230
       4,229       4,228       4,227       4,226       4,225       4,224       4,223       4,222       4,221       4,220
       4,219       4,218       4,217       4,216       4,215       4,214       4,213       4,212       4,211       4,210
       4,209       4,208       4,207       4,206       4,205       4,204       4,203       4,202       4,201       4,200
       4,199       4,198       4,197       4,196       4,195       4,194       4,193       4,192       4,191       4,190
       4,189       4,188       4,187       4,186       4,185       4,184       4,183       4,182       4,181       4,180
       4,179       4,178       4,177       4,176       4,175       4,174       4,173       4,172       4,171       4,170
       4,169       4,168       4,167       4,166       4,165       4,164       4,163       4,162       4,161       4,160
       4,159       4,158       4,157       4,156       4,155       4,154       4,153       4,152       4,151       4,150
       4,149       4,148       4,147       4,146       4,145       4,144       4,143       4,142       4,141       4,140
       4,139       4,138       4,137       4,136       4,135       4,134       4,133       4,132       4,131       4,130
       4,129       4,128       4,127       4,126       4,125       4,124       4,123       4,122       4,121       4,120
       4,119       4,118       4,117       4,116       4,115       4,114       4,113       4,112       4,111       4,110
       4,109       4,108       4,107       4,106       4,105       4,104       4,103       4,102       4,101       4,100
       4,099       4,098       4,097       4,096       4,095       4,094       4,093       4,092       4,091       4,090
       4,089       4,088       4,087       4,086       4,085       4,084       4,083       4,082       4,081       4,080
       4,079       4,078       4,077       4,076       4,075       4,074       4,073       4,072       4,071       4,070
       4,069       4,068       4,067       4,066       4,065       4,064       4,063       4,062       4,061       4,060
       4,059       4,058       4,057       4,056       4,055       4,054       4,053       4,052       4,051       4,050
       4,049       4,048       4,047       4,046       4,045       4,044       4,043       4,042       4,041       4,040
       4,039       4,038       4,037       4,036       4,035       4,034       4,033       4,032       4,031       4,030
       4,029       4,028       4,027       4,026       4,025       4,024       4,023       4,022       4,021       4,020
       4,019       4,018       4,017       4,016       4,015       4,014       4,013       4,012       4,011       4,010
       4,009       4,008       4,007       4,006       4,005       4,004       4,003       4,002       4,001       4,000
       3,999       3,998       3,997       3,996       3,995       3,994       3,993       3,992       3,991       3,990
       3,989       3,988       3,987       3,986       3,985       3,984       3,983       3,982       3,981       3,980
       3,979       3,978       3,977       3,976       3,975       3,974       3,973       3,972       3,971       3,970
       3,969       3,968       3,967       3,966       3,965       3,964       3,963       3,962       3,961       3,960
       3,959       3,958       3,957       3,956       3,955       3,954       3,953       3,952       3,951       3,950
       3,949       3,948       3,947       3,946       3,945       3,944       3,943       3,942       3,941       3,940
       3,939       3,938       3,937       3,936       3,935       3,934       3,933       3,932       3,931       3,930
       3,929       3,928       3,927       3,926       3,925       3,924       3,923       3,922       3,921       3,920
       3,919       3,918       3,917       3,916       3,915       3,914       3,913       3,912       3,911       3,910
       3,909       3,908       3,907       3,906       3,905       3,904       3,903       3,902       3,901       3,900
       3,899       3,898       3,897       3,896       3,895       3,894       3,893       3,892       3,891       3,890
       3,889       3,888       3,887       3,886       3,885       3,884       3,883       3,882       3,881       3,880
       3,879       3,878       3,877       3,876       3,875       3,874       3,873       3,872       3,871       3,870
       3,869       3,868       3,867       3,866       3,865       3,864       3,863       3,862       3,861       3,860
       3,859       3,858       3,857       3,856       3,855       3,854       3,853       3,852       3,851       3,850
       3,849       3,848       3,847       3,846       3,845       3,844       3,843       3,842       3,841       3,840
       3,839       3,838       3,837       3,836       3,835       3,834       3,833       3,832       3,831       3,830
       3,829       3,828       3,827       3,826       3,825       3,824       3,823       3,822       3,821       3,820
       3,819       3,818       3,817       3,816       3,815       3,814       3,813       3,812       3,811       3,810
       3,809       3,808       3,807       3,806       3,805       3,804       3,803       3,802       3,801       3,800
       3,799       3,798       3,797       3,796       3,795       3,794       3,793       3,792       3,791       3,790
       3,789       3,788       3,787       3,786       3,785       3,784       3,783       3,782       3,781       3,780
       3,779       3,778       3,777       3,776       3,775       3,774       3,773       3,772       3,771       3,770
       3,769       3,768       3,767       3,766       3,765       3,764       3,763       3,762       3,761       3,760
       3,759       3,758       3,757       3,756       3,755       3,754       3,753       3,752       3,751       3,750
       3,749       3,748       3,747       3,746       3,745       3,744       3,743       3,742       3,741       3,740
       3,739       3,738       3,737       3,736       3,735       3,734       3,733       3,732       3,731       3,730
       3,729       3,728       3,727       3,726       3,725       3,724       3,723       3,722       3,721       3,720
       3,719       3,718       3,717       3,716       3,715       3,714       3,713       3,712       3,711       3,710
       3,709       3,708       3,707       3,706       3,705       3,704       3,703       3,702       3,701       3,700
       3,699       3,698       3,697       3,696       3,695       3,694       3,693       3,692       3,691       3,690
       3,689       3,688       3,687       3,686       3,685       3,684       3,683       3,682       3,681       3,680
       3,679       3,678       3,677       3,676       3,675       3,674       3,673       3,672       3,671       3,670
       3,669       3,668       3,667       3,666       3,665       3,664       3,663       3,662       3,661       3,660
       3,659       3,658       3,657       3,656       3,655       3,654       3,653       3,652       3,651       3,650
       3,649       3,648       3,647       3,646       3,645       3,644       3,643       3,642       3,641       3,640
       3,639       3,638       3,637       3,636       3,635       3,634       3,633       3,632       3,631       3,630
       3,629       3,628       3,627       3,626       3,625       3,624       3,623       3,622       3,621       3,620
       3,619       3,618       3,617       3,616       3,615       3,614       3,613       3,612       3,611       3,610
       3,609       3,608       3,607       3,606       3,605       3,604       3,603       3,602       3,601       3,600
       3,599       3,598       3,597       3,596       3,595       3,594       3,593       3,592       3,591       3,590
       3,589       3,588       3,587       3,586       3,585       3,584       3,583       3,582       3,581       3,580
       3,579       3,578       3,577       3,576       3,575       3,574       3,573       3,572       3,571       3,570
       3,569       3,568       3,567       3,566       3,565       3,564       3,563       3,562       3,561       3,560
       3,559       3,558       3,557       3,556       3,555       3,554       3,553       3,552       3,551       3,550
       3,549       3,548       3,547       3,546       3,545       3,544       3,543       3,542       3,541       3,540
       3,539       3,538       3,537       3,536       3,535       3,534       3,533       3,532       3,531       3,530
       3,529       3,528       3,527       3,526       3,525       3,524       3,523       3,522       3,521       3,520
       3,519       3,518       3,517       3,516       3,515       3,514       3,513       3,512       3,511       3,510
       3,509       3,508       3,507       3,506       3,505       3,504       3,503       3,502       3,501       3,500
       3,499       3,498       3,497       3,496       3,495       3,494       3,493       3,492       3,491       3,490
       3,489       3,488       3,487       3,486       3,485       3,484       3,483       3,482       3,481       3,480
       3,479       3,478       3,477       3,476       3,475       3,474       3,473       3,472       3,471       3,470
       3,469       3,468       3,467       3,466       3,465       3,464       3,463       3,462       3,461       3,460
       3,459       3,458       3,457       3,456       3,455       3,454       3,453       3,452       3,451       3,450
       3,449       3,448       3,447       3,446       3,445       3,444       3,443       3,442       3,441       3,440
       3,439       3,438       3,437       3,436       3,435       3,434       3,433       3,432       3,431       3,430
       3,429       3,428       3,427       3,426       3,425       3,424       3,423       3,422       3,421       3,420
       3,419       3,418       3,417       3,416       3,415       3,414       3,413       3,412       3,411       3,410
       3,409       3,408       3,407       3,406       3,405       3,404       3,403       3,402       3,401       3,400
       3,399       3,398       3,397       3,396       3,395       3,394       3,393       3,392       3,391       3,390
       3,389       3,388       3,387       3,386       3,385       3,384       3,383       3,382       3,381       3,380
       3,379       3,378       3,377       3,376       3,375       3,374       3,373       3,372       3,371       3,370
       3,369       3,368       3,367       3,366       3,365       3,364       3,363       3,362       3,361       3,360
       3,359       3,358       3,357       3,356       3,355       3,354       3,353       3,352       3,351       3,350
       3,349       3,348       3,347       3,346       3,345       3,344       3,343       3,342       3,341       3,340
       3,339       3,338       3,337       3,336       3,335       3,334       3,333       3,332       3,331       3,330
       3,329       3,328       3,327       3,326       3,325       3,324       3,323       3,322       3,321       3,320
       3,319       3,318       3,317       3,316       3,315       3,314       3,313       3,312       3,311       3,310
       3,309       3,308       3,307       3,306       3,305       3,304       3,303       3,302       3,301       3,300
       3,299       3,298       3,297       3,296       3,295       3,294       3,293       3,292       3,291       3,290
       3,289       3,288       3,287       3,286       3,285       3,284       3,283       3,282       3,281       3,280
       3,279       3,278       3,277       3,276       3,275       3,274       3,273       3,272       3,271       3,270
       3,269       3,268       3,267       3,266       3,265       3,264       3,263       3,262       3,261       3,260
       3,259       3,258       3,257       3,256       3,255       3,254       3,253       3,252       3,251       3,250
       3,249       3,248       3,247       3,246       3,245       3,244       3,243       3,242       3,241       3,240
       3,239       3,238       3,237       3,236       3,235       3,234       3,233       3,232       3,231       3,230
       3,229       3,228       3,227       3,226       3,225       3,224       3,223       3,222       3,221       3,220
       3,219       3,218       3,217       3,216       3,215       3,214       3,213       3,212       3,211       3,210
       3,209       3,208       3,207       3,206       3,205       3,204       3,203       3,202       3,201       3,200
       3,199       3,198       3,197       3,196       3,195       3,194       3,193       3,192       3,191       3,190
       3,189       3,188       3,187       3,186       3,185       3,184       3,183       3,182       3,181       3,180
       3,179       3,178       3,177       3,176       3,175       3,174       3,173       3,172       3,171       3,170
       3,169       3,168       3,167       3,166       3,165       3,164       3,163       3,162       3,161       3,160
       3,159       3,158       3,157       3,156       3,155       3,154       3,153       3,152       3,151       3,150
       3,149       3,148       3,147       3,146       3,145       3,144       3,143       3,142       3,141       3,140
       3,139       3,138       3,137       3,136       3,135       3,134       3,133       3,132       3,131       3,130
       3,129       3,128       3,127       3,126       3,125       3,124       3,123       3,122       3,121       3,120
       3,119       3,118       3,117       3,116       3,115       3,114       3,113       3,112       3,111       3,110
       3,109       3,108       3,107       3,106       3,105       3,104       3,103       3,102       3,101       3,100
       3,099       3,098       3,097       3,096       3,095       3,094       3,093       3,092       3,091       3,090
       3,089       3,088       3,087       3,086       3,085       3,084       3,083       3,082       3,081       3,080
       3,079       3,078       3,077       3,076       3,075       3,074       3,073       3,072       3,071       3,070
       3,069       3,068       3,067       3,066       3,065       3,064       3,063       3,062       3,061       3,060
       3,059       3,058       3,057       3,056       3,055       3,054       3,053       3,052       3,051       3,050
       3,049       3,048       3,047       3,046       3,045       3,044       3,043       3,042       3,041       3,040
       3,039       3,038       3,037       3,036       3,035       3,034       3,033       3,032       3,031       3,030
       3,029       3,028       3,027       3,026       3,025       3,024       3,023       3,022       3,021       3,020
       3,019       3,018       3,017       3,016       3,015       3,014       3,013       3,012       3,011       3,010
       3,009       3,008       3,007       3,006       3,005       3,004       3,003       3,002       3,001       3,000
       2,999       2,998       2,997       2,996       2,995       2,994       2,993       2,992       2,991       2,990
       2,989       2,988       2,987       2,986       2,985       2,984       2,983       2,982       2,981       2,980
       2,979       2,978       2,977       2,976       2,975       2,974       2,973       2,972       2,971       2,970
       2,969       2,968       2,967       2,966       2,965       2,964       2,963       2,962       2,961       2,960
       2,959       2,958       2,957       2,956       2,955       2,954       2,953       2,952       2,951       2,950
       2,949       2,948       2,947       2,946       2,945       2,944       2,943       2,942       2,941       2,940
       2,939       2,938       2,937       2,936       2,935       2,934       2,933       2,932       2,931       2,930
       2,929       2,928       2,927       2,926       2,925       2,924       2,923       2,922       2,921       2,920
       2,919       2,918       2,917       2,916       2,915       2,914       2,913       2,912       2,911       2,910
       2,909       2,908       2,907       2,906       2,905       2,904       2,903       2,902       2,901       2,900
       2,899       2,898       2,897       2,896       2,895       2,894       2,893       2,892       2,891       2,890
       2,889       2,888       2,887       2,886       2,885       2,884       2,883       2,882       2,881       2,880
       2,879       2,878       2,877       2,876       2,875       2,874       2,873       2,872       2,871       2,870
       2,869       2,868       2,867       2,866       2,865       2,864       2,863       2,862       2,861       2,860
       2,859       2,858       2,857       2,856       2,855       2,854       2,853       2,852       2,851       2,850
       2,849       2,848       2,847       2,846       2,845       2,844       2,843       2,842       2,841       2,840
       2,839       2,838       2,837       2,836       2,835       2,834       2,833       2,832       2,831       2,830
       2,829       2,828       2,827       2,826       2,825       2,824       2,823       2,822       2,821       2,820
       2,819       2,818       2,817       2,816       2,815       2,814       2,813       2,812       2,811       2,810
       2,809       2,808       2,807       2,806       2,805       2,804       2,803       2,802       2,801       2,800
       2,799       2,798       2,797       2,796       2,795       2,794       2,793       2,792       2,791       2,790
       2,789       2,788       2,787       2,786       2,785       2,784       2,783       2,782       2,781       2,780
       2,779       2,778       2,777       2,776       2,775       2,774       2,773       2,772       2,771       2,770
       2,769       2,768       2,767       2,766       2,765       2,764       2,763       2,762       2,761       2,760
       2,759       2,758       2,757       2,756       2,755       2,754       2,753       2,752       2,751       2,750
       2,749       2,748       2,747       2,746       2,745       2,744       2,743       2,742       2,741       2,740
       2,739       2,738       2,737       2,736       2,735       2,734       2,733       2,732       2,731       2,730
       2,729       2,728       2,727       2,726       2,725       2,724       2,723       2,722       2,721       2,720
       2,719       2,718       2,717       2,716       2,715       2,714       2,713       2,712       2,711       2,710
       2,709       2,708       2,707       2,706       2,705       2,704       2,703       2,702       2,701       2,700
       2,699       2,698       2,697       2,696       2,695       2,694       2,693       2,692       2,691       2,690
       2,689       2,688       2,687       2,686       2,685       2,684       2,683       2,682       2,681       2,680
       2,679       2,678       2,677       2,676       2,675       2,674       2,673       2,672       2,671       2,670
       2,669       2,668       2,667       2,666       2,665       2,664       2,663       2,662       2,661       2,660
       2,659       2,658       2,657       2,656       2,655       2,654       2,653       2,652       2,651       2,650
       2,649       2,648       2,647       2,646       2,645       2,644       2,643       2,642       2,641       2,640
       2,639       2,638       2,637       2,636       2,635       2,634       2,633       2,632       2,631       2,630
       2,629       2,628       2,627       2,626       2,625       2,624       2,623       2,622       2,621       2,620
       2,619       2,618       2,617       2,616       2,615       2,614       2,613       2,612       2,611       2,610
       2,609       2,608       2,607       2,606       2,605       2,604       2,603       2,602       2,601       2,600
       2,599       2,598       2,597       2,596       2,595       2,594       2,593       2,592       2,591       2,590
       2,589       2,588       2,587       2,586       2,585       2,584       2,583       2,582       2,581       2,580
       2,579       2,578       2,577       2,576       2,575       2,574       2,573       2,572       2,571       2,570
       2,569       2,568       2,567       2,566       2,565       2,564       2,563       2,562       2,561       2,560
       2,559       2,558       2,557       2,556       2,555       2,554       2,553       2,552       2,551       2,550
       2,549       2,548       2,547       2,546       2,545       2,544       2,543       2,542       2,541       2,540
       2,539       2,538       2,537       2,536       2,535       2,534       2,533       2,532       2,531       2,530
       2,529       2,528       2,527       2,526       2,525       2,524       2,523       2,522       2,521       2,520
       2,519       2,518       2,517       2,516       2,515       2,514       2,513       2,512       2,511       2,510
       2,509       2,508       2,507       2,506       2,505       2,504       2,503       2,502       2,501       2,500
       2,499       2,498       2,497       2,496       2,495       2,494       2,493       2,492       2,491       2,490
       2,489       2,488       2,487       2,486       2,485       2,484       2,483       2,482       2,481       2,480
       2,479       2,478       2,477       2,476       2,475       2,474       2,473       2,472       2,471       2,470
       2,469       2,468       2,467       2,466       2,465       2,464       2,463       2,462       2,461       2,460
       2,459       2,458       2,457       2,456       2,455       2,454       2,453       2,452       2,451       2,450
       2,449       2,448       2,447       2,446       2,445       2,444       2,443       2,442       2,441       2,440
       2,439       2,438       2,437       2,436       2,435       2,434       2,433       2,432       2,431       2,430
       2,429       2,428       2,427       2,426       2,425       2,424       2,423       2,422       2,421       2,420
       2,419       2,418       2,417       2,416       2,415       2,414       2,413       2,412       2,411       2,410
       2,409       2,408       2,407       2,406       2,405       2,404       2,403       2,402       2,401       2,400
       2,399       2,398       2,397       2,396       2,395       2,394       2,393       2,392       2,391       2,390
       2,389       2,388       2,387       2,386       2,385       2,384       2,383       2,382       2,381       2,380
       2,379       2,378       2,377       2,376       2,375       2,374       2,373       2,372       2,371       2,370
       2,369       2,368       2,367       2,366       2,365       2,364       2,363       2,362       2,361       2,360
       2,359       2,358       2,357       2,356       2,355       2,354       2,353       2,352       2,351       2,350
       2,349       2,348       2,347       2,346       2,345       2,344       2,343       2,342       2,341       2,340
       2,339       2,338       2,337       2,336       2,335       2,334       2,333       2,332       2,331       2,330
       2,329       2,328       2,327       2,326       2,325       2,324       2,323       2,322       2,321       2,320
       2,319       2,318       2,317       2,316       2,315       2,314       2,313       2,312       2,311       2,310
       2,309       2,308       2,307       2,306       2,305       2,304       2,303       2,302       2,301       2,300
       2,299       2,298       2,297       2,296       2,295       2,294       2,293       2,292       2,291       2,290
       2,289       2,288       2,287       2,286       2,285       2,284       2,283       2,282       2,281       2,280
       2,279       2,278       2,277       2,276       2,275       2,274       2,273       2,272       2,271       2,270
       2,269       2,268       2,267       2,266       2,265       2,264       2,263       2,262       2,261       2,260
       2,259       2,258       2,257       2,256       2,255       2,254       2,253       2,252       2,251       2,250
       2,249       2,248       2,247       2,246       2,245       2,244       2,243       2,242       2,241       2,240
       2,239       2,238       2,237       2,236       2,235       2,234       2,233       2,232       2,231       2,230
       2,229       2,228       2,227       2,226       2,225       2,224       2,223       2,222       2,221       2,220
       2,219       2,218       2,217       2,216       2,215       2,214       2,213       2,212       2,211       2,210
       2,209       2,208       2,207       2,206       2,205       2,204       2,203       2,202       2,201       2,200
       2,199       2,198       2,197       2,196       2,195       2,194       2,193       2,192       2,191       2,190
       2,189       2,188       2,187       2,186       2,185       2,184       2,183       2,182       2,181       2,180
       2,179       2,178       2,177       2,176       2,175       2,174       2,173       2,172       2,171       2,170
       2,169       2,168       2,167       2,166       2,165       2,164       2,163       2,162       2,161       2,160
       2,159       2,158       2,157       2,156       2,155       2,154       2,153       2,152       2,151       2,150
       2,149       2,148       2,147       2,146       2,145       2,144       2,143       2,142       2,141       2,140
       2,139       2,138       2,137       2,136       2,135       2,134       2,133       2,132       2,131       2,130
       2,129       2,128       2,127       2,126       2,125       2,124       2,123       2,122       2,121       2,120
       2,119       2,118       2,117       2,116       2,115       2,114       2,113       2,112       2,111       2,110
       2,109       2,108       2,107       2,106       2,105       2,104       2,103       2,102       2,101       2,100
       2,099       2,098       2,097       2,096       2,095       2,094       2,093       2,092       2,091       2,090
       2,089       2,088       2,087       2,086       2,085       2,084       2,083       2,082       2,081       2,080
       2,079       2,078       2,077       2,076       2,075       2,074       2,073       2,072       2,071       2,070
       2,069       2,068       2,067       2,066       2,065       2,064       2,063       2,062       2,061       2,060
       2,059       2,058       2,057       2,056       2,055       2,054       2,053       2,052       2,051       2,050
       2,049       2,048       2,047       2,046       2,045       2,044       2,043       2,042       2,041       2,040
       2,039       2,038       2,037       2,036       2,035       2,034       2,033       2,032       2,031       2,030
       2,029       2,028       2,027       2,026       2,025       2,024       2,023       2,022       2,021       2,020
       2,019       2,018       2,017       2,016       2,015       2,014       2,013       2,012       2,011       2,010
       2,009       2,008       2,007       2,006       2,005       2,004       2,003       2,002       2,001       2,000
       1,999       1,998       1,997       1,996       1,995       1,994       1,993       1,992       1,991       1,990
       1,989       1,988       1,987       1,986       1,985       1,984       1,983       1,982       1,981       1,980
       1,979       1,978       1,977       1,976       1,975       1,974       1,973       1,972       1,971       1,970
       1,969       1,968       1,967       1,966       1,965       1,964       1,963       1,962       1,961       1,960
       1,959       1,958       1,957       1,956       1,955       1,954       1,953       1,952       1,951       1,950
       1,949       1,948       1,947       1,946       1,945       1,944       1,943       1,942       1,941       1,940
       1,939       1,938       1,937       1,936       1,935       1,934       1,933       1,932       1,931       1,930
       1,929       1,928       1,927       1,926       1,925       1,924       1,923       1,922       1,921       1,920
       1,919       1,918       1,917       1,916       1,915       1,914       1,913       1,912       1,911       1,910
       1,909       1,908       1,907       1,906       1,905       1,904       1,903       1,902       1,901       1,900
       1,899       1,898       1,897       1,896       1,895       1,894       1,893       1,892       1,891       1,890
       1,889       1,888       1,887       1,886       1,885       1,884       1,883       1,882       1,881       1,880
       1,879       1,878       1,877       1,876       1,875       1,874       1,873       1,872       1,871       1,870
       1,869       1,868       1,867       1,866       1,865       1,864       1,863       1,862       1,861       1,860
       1,859       1,858       1,857       1,856       1,855       1,854       1,853       1,852       1,851       1,850
       1,849       1,848       1,847       1,846       1,845       1,844       1,843       1,842       1,841       1,840
       1,839       1,838       1,837       1,836       1,835       1,834       1,833       1,832       1,831       1,830
       1,829       1,828       1,827       1,826       1,825       1,824       1,823       1,822       1,821       1,820
       1,819       1,818       1,817       1,816       1,815       1,814       1,813       1,812       1,811       1,810
       1,809       1,808       1,807       1,806       1,805       1,804       1,803       1,802       1,801       1,800
       1,799       1,798       1,797       1,796       1,795       1,794       1,793       1,792       1,791       1,790
       1,789       1,788       1,787       1,786       1,785       1,784       1,783       1,782       1,781       1,780
       1,779       1,778       1,777       1,776       1,775       1,774       1,773       1,772       1,771       1,770
       1,769       1,768       1,767       1,766       1,765       1,764       1,763       1,762       1,761       1,760
       1,759       1,758       1,757       1,756       1,755       1,754       1,753       1,752       1,751       1,750
       1,749       1,748       1,747       1,746       1,745       1,744       1,743       1,742       1,741       1,740
       1,739       1,738       1,737       1,736       1,735       1,734       1,733       1,732       1,731       1,730
       1,729       1,728       1,727       1,726       1,725       1,724       1,723       1,722       1,721       1,720
       1,719       1,718       1,717       1,716       1,715       1,714       1,713       1,712       1,711       1,710
       1,709       1,708       1,707       1,706       1,705       1,704       1,703       1,702       1,701       1,700
       1,699       1,698       1,697       1,696       1,695       1,694       1,693       1,692       1,691       1,690
       1,689       1,688       1,687       1,686       1,685       1,684       1,683       1,682       1,681       1,680
       1,679       1,678       1,677       1,676       1,675       1,674       1,673       1,672       1,671       1,670
       1,669       1,668       1,667       1,666       1,665       1,664       1,663       1,662       1,661       1,660
       1,659       1,658       1,657       1,656       1,655       1,654       1,653       1,652       1,651       1,650
       1,649       1,648       1,647       1,646       1,645       1,644       1,643       1,642       1,641       1,640
       1,639       1,638       1,637       1,636       1,635       1,634       1,633       1,632       1,631       1,630
       1,629       1,628       1,627       1,626       1,625       1,624       1,623       1,622       1,621       1,620
       1,619       1,618       1,617       1,616       1,615       1,614       1,613       1,612       1,611       1,610
       1,609       1,608       1,607       1,606       1,605       1,604       1,603       1,602       1,601       1,600
       1,599       1,598       1,597       1,596       1,595       1,594       1,593       1,592       1,591       1,590
       1,589       1,588       1,587       1,586       1,585       1,584       1,583       1,582       1,581       1,580
       1,579       1,578       1,577       1,576       1,575       1,574       1,573       1,572       1,571       1,570
       1,569       1,568       1,567       1,566       1,565       1,564       1,563       1,562       1,561       1,560
       1,559       1,558       1,557       1,556       1,555       1,554       1,553       1,552       1,551       1,550
       1,549       1,548       1,547       1,546       1,545       1,544       1,543       1,542       1,541       1,540
       1,539       1,538       1,537       1,536       1,535       1,534       1,533       1,532       1,531       1,530
       1,529       1,528       1,527       1,526       1,525       1,524       1,523       1,522       1,521       1,520
       1,519       1,518       1,517       1,516       1,515       1,514       1,513       1,512       1,511       1,510
       1,509       1,508       1,507       1,506       1,505       1,504       1,503       1,502       1,501       1,500
       1,499       1,498       1,497       1,496       1,495       1,494       1,493       1,492       1,491       1,490
       1,489       1,488       1,487       1,486       1,485       1,484       1,483       1,482       1,481       1,480
       1,479       1,478       1,477       1,476       1,475       1,474       1,473       1,472       1,471       1,470
       1,469       1,468       1,467       1,466       1,465       1,464       1,463       1,462       1,461       1,460
       1,459       1,458       1,457       1,456       1,455       1,454       1,453       1,452       1,451       1,450
       1,449       1,448       1,447       1,446       1,445       1,444       1,443       1,442       1,441       1,440
       1,439       1,438       1,437       1,436       1,435       1,434       1,433       1,432       1,431       1,430
       1,429       1,428       1,427       1,426       1,425       1,424       1,423       1,422       1,421       1,420
       1,419       1,418       1,417       1,416       1,415       1,414       1,413       1,412       1,411       1,410
       1,409       1,408       1,407       1,406       1,405       1,404       1,403       1,402       1,401       1,400
       1,399       1,398       1,397       1,396       1,395       1,394       1,393       1,392       1,391       1,390
       1,389       1,388       1,387       1,386       1,385       1,384       1,383       1,382       1,381       1,380
       1,379       1,378       1,377       1,376       1,375       1,374       1,373       1,372       1,371       1,370
       1,369       1,368       1,367       1,366       1,365       1,364       1,363       1,362       1,361       1,360
       1,359       1,358       1,357       1,356       1,355       1,354       1,353       1,352       1,351       1,350
       1,349       1,348       1,347       1,346       1,345       1,344       1,343       1,342       1,341       1,340
       1,339       1,338       1,337       1,336       1,335       1,334       1,333       1,332       1,331       1,330
       1,329       1,328       1,327       1,326       1,325       1,324       1,323       1,322       1,321       1,320
       1,319       1,318       1,317       1,316       1,315       1,314       1,313       1,312       1,311       1,310
       1,309       1,308       1,307       1,306       1,305       1,304       1,303       1,302       1,301       1,300
       1,299       1,298       1,297       1,296       1,295       1,294       1,293       1,292       1,291       1,290
       1,289       1,288       1,287       1,286       1,285       1,284       1,283       1,282       1,281       1,280
       1,279       1,278       1,277       1,276       1,275       1,274       1,273       1,272       1,271       1,270
       1,269       1,268       1,267       1,266       1,265       1,264       1,263       1,262       1,261       1,260
       1,259       1,258       1,257       1,256       1,255       1,254       1,253       1,252       1,251       1,250
       1,249       1,248       1,247       1,246       1,245       1,244       1,243       1,242       1,241       1,240
       1,239       1,238       1,237       1,236       1,235       1,234       1,233       1,232       1,231       1,230
       1,229       1,228       1,227       1,226       1,225       1,224       1,223       1,222       1,221       1,220
       1,219       1,218       1,217       1,216       1,215       1,214       1,213       1,212       1,211       1,210
       1,209       1,208       1,207       1,206       1,205       1,204       1,203       1,202       1,201       1,200
       1,199       1,198       1,197       1,196       1,195       1,194       1,193       1,192       1,191       1,190
       1,189       1,188       1,187       1,186       1,185       1,184       1,183       1,182       1,181       1,180
       1,179       1,178       1,177       1,176       1,175       1,174       1,173       1,172       1,171       1,170
       1,169       1,168       1,167       1,166       1,165       1,164       1,163       1,162       1,161       1,160
       1,159       1,158       1,157       1,156       1,155       1,154       1,153       1,152       1,151       1,150
       1,149       1,148       1,147       1,146       1,145       1,144       1,143       1,142       1,141       1,140
       1,139       1,138       1,137       1,136       1,135       1,134       1,133       1,132       1,131       1,130
       1,129       1,128       1,127       1,126       1,125       1,124       1,123       1,122       1,121       1,120
       1,119       1,118       1,117       1,116       1,115       1,114       1,113       1,112       1,111       1,110
       1,109       1,108       1,107       1,106       1,105       1,104       1,103       1,102       1,101       1,100
       1,099       1,098       1,097       1,096       1,095       1,094       1,093       1,092       1,091       1,090
       1,089       1,088       1,087       1,086       1,085       1,084       1,083       1,082       1,081       1,080
       1,079       1,078       1,077       1,076       1,075       1,074       1,073       1,072       1,071       1,070
       1,069       1,068       1,067       1,066       1,065       1,064       1,063       1,062       1,061       1,060
       1,059       1,058       1,057       1,056       1,055       1,054       1,053       1,052       1,051       1,050
       1,049       1,048       1,047       1,046       1,045       1,044       1,043       1,042       1,041       1,040
       1,039       1,038       1,037       1,036       1,035       1,034       1,033       1,032       1,031       1,030
       1,029       1,028       1,027       1,026       1,025       1,024       1,023       1,022       1,021       1,020
       1,019       1,018       1,017       1,016       1,015       1,014       1,013       1,012       1,011       1,010
       1,009       1,008       1,007       1,006       1,005       1,004       1,003       1,002       1,001       1,000
         999         998         997         996         995         994         993         992         991         990
         989         988         987         986         985         984         983         982         981         980
         979         978         977         976         975         974         973         972         971         970
         969         968         967         966         965         964         963         962         961         960
         959         958         957         956         955         954         953         952         951         950
         949         948         947         946         945         944         943         942         941         940
         939         938         937         936         935         934         933         932         931         930
         929         928         927         926         925         924         923         922         921         920
         919         918         917         916         915         914         913         912         911         910
         909         908         907         906         905         904         903         902         901         900
         899         898         897         896         895         894         893         892         891         890
         889         888         887         886         885         884         883         882         881         880
         879         878         877         876         875         874         873         872         871         870
         869         868         867         866         865         864         863         862         861         860
         859         858         857         856         855         854         853         852         851         850
         849         848         847         846         845         844         843         842         841         840
         839         838         837         836         835         834         833         832         831         830
         829         828         827         826         825         824         823         822         821         820
         819         818         817         816         815         814         813         812         811         810
         809         808         807         806         805         804         803         802         801         800
         799         798         797         796         795         794         793         792         791         790
         789         788         787         786         785         784         783         782         781         780
         779         778         777         776         775         774         773         772         771         770
         769         768         767         766         765         764         763         762         761         760
         759         758         757         756         755         754         753         752         751         750
         749         748         747         746         745         744         743         742         741         740
         739         738         737         736         735         734         733         732         731         730
         729         728         727         726         725         724         723         722         721         720
         719         718         717         716         715         714         713         712         711         710
         709         708         707         706         705         704         703         702         701         700
         699         698         697         696         695         694         693         692         691         690
         689         688         687         686         685         684         683         682         681         680
         679         678         677         676         675         674         673         672         671         670
         669         668         667         666         665         664         663         662         661         660
         659         658         657         656         655         654         653         652         651         650
         649         648         647         646         645         644         643         642         641         640
         639         638         637         636         635         634         633         632         631         630
         629         628         627         626         625         624         623         622         621         620
         619         618         617         616         615         614         613         612         611         610
         609         608         607         606         605         604         603         602         601         600
         599         598         597         596         595         594         593         592         591         590
         589         588         587         586         585         584         583         582         581         580
         579         578         577         576         575         574         573         572         571         570
         569         568         567         566         565         564         563         562         561         560
         559         558         557         556         555         554         553         552         551         550
         549         548         547         546         545         544         543         542         541         540
         539         538         537         536         535         534         533         532         531         530
         529         528         527         526         525         524         523         522         521         520
         519         518         517         516         515         514         513         512         511         510
         509         508         507         506         505         504         503         502         501         500
         499         498         497         496         495         494         493         492         491         490
         489         488         487         486         485         484         483         482         481         480
         479         478         477         476         475         474         473         472         471         470
         469         468         467         466         465         464         463         462         461         460
         459         458         457         456         455         454         453         452         451         450
         449         448         447         446         445         444         443         442         441         440
         439         438         437         436         435         434         433         432         431         430
         429         428         427         426         425         424         423         422         421         420
         419         418         417         416         415         414         413         412         411         410
         409         408         407         406         405         404         403         402         401         400
         399         398         397         396         395         394         393         392         391         390
         389         388         387         386         385         384         383         382         381         380
         379         378         377         376         375         374         373         372         371         370
         369         368         367         366         365         364         363         362         361         360
         359         358         357         356         355         354         353         352         351         350
         349         348         347         346         345         344         343         342         341         340
         339         338         337         336         335         334         333         332         331         330
         329         328         327         326         325         324         323         322         321         320
         319         318         317         316         315         314         313         312         311         310
         309         308         307         306         305         304         303         302         301         300
         299         298         297         296         295         294         293         292         291         290
         289         288         287         286         285         284         283         282         281         280
         279         278         277         276         275         274         273         272         271         270
         269         268         267         266         265         264         263         262         261         260
         259         258         257         256         255         254         253         252         251         250
         249         248         247         246         245         244         243         242         241         240
         239         238         237         236         235         234         233         232         231         230
         229         228         227         226         225         224         223         222         221         220
         219         218         217         216         215         214         213         212         211         210
         209         208         207         206         205         204         203         202         201         200
         199         198         197         196         195         194         193         192         191         190
         189         188         187         186         185         184         183         182         181         180
         179         178         177         176         175         174         173         172         171         170
         169         168         167         166         165         164         163         162         161         160
         159         158         157         156         155         154         153         152         151         150
         149         148         147         146         145         144         143         142         141         140
         139         138         137         136         135         134         133         132         131         130
         129         128         127         126         125         124         123         122         121         120
         119         118         117         116         115         114         113         112         111         110
         109         108         107         106         105         104         103         102         101         100
          99          98          97          96          95          94          93          92          91          90
          89          88          87          86          85          84          83          82          81          80
          79          78          77          76          75          74          73          72          71          70
          69          68          67          66          65          64          63          62          61          60
          59          58          57          56          55          54          53          52          51          50
          49          48          47          46          45          44          43          42          41          40
          39          38          37          36          35          34          33          32          31          30
          29          28          27          26          25          24          23          22          21          20
          19          18          17          16          15          14          13          12          11          10
           9           8           7           6           5           4           3           2           1           0

========================================================================
  END OF DATASET: REVERSE SORTED (n=10,000) (n=10,000)
========================================================================